Title,Upvotes,Flair,Num_Comments,Awards,Created_UTC,Post_ID,Comment_Sentiment
PRESIDENT TRUMP JUST ASKED THE SUPREME COURT FOR THE AUTHORITY TO FIRE FEDERAL RESERVE CHAIR JEROME POWELL,52085,misleading title / false,3617,,1744296575.0,1jvzroz,0
Suicide hotline,49732,Advice,1420,,1743800556.0,1jrmmdq,0
Now we know. It was Retail CEOS who got to Trump on Monday,47600,Broad market news,2885,,1745492967.0,1k6pihz,0
"America is going to get rocked. China, Japan, South Korea will jointly respond to US tariffs, Chinese state media says",46912,Broad market news,3595,,1743438131.0,1jo76s8,0
"China Officially Makes Statement Stating That All Tariffs Are Remaining On American Good And The Country Is ""Not"" Interested In Negotiations",46877,Broad market news,3167,,1745894404.0,1kadl0p,0
Fox Reporter Says the Trump White House Is Giving Wall Street Executives Inside Info on Tariff Negotiations,45136,,1052,,1745535098.0,1k75t88,0
"Trump Slams Amazon's Tariff Labeling as ‘Hostile, Political’ Move",43230,potentially misleading / sensational,2398,,1745933342.0,1kanyf3,0
"Market in Free fall, approx 10 hours left for USA futures to open and Trump hasn't taken any action or said any word to show his leadership.",33229,Broad market news,4175,,1743942848.0,1jst3f2,0
It’s Over. The Market Is Cooked. Hope You Enjoyed the Ride.,28661,Crystal Ball Post,1199,,1743794177.0,1jrk43o,0
"Average Americans don't have cash laying around to ""buy the dip""",27554,,4802,,1743986430.0,1jt8woy,0
"Trump folded, it was because of the bond market",26162,Industry News,2790,,1744228527.0,1jvf45s,0
President Donald Trump has officially just signed the executive order to increase Chinese tariffs to 104%,20315,,2363,,1744161596.0,1jutzbq,0
Trump set on firing Jerome Powell (Posted on Truth Social),19946,Broad market news,1788,,1744891541.0,1k1b44e,0
Trump warns economy could slow if Powell doesn’t cut rates,19828,Broad market news,2789,,1745248399.0,1k4fzbp,0
TSLA being investigated by Transport Canada for cooking their books in Canada to snag EV rebates without selling cars.,18873,,490,,1741563358.0,1j7l0bv,0
Canada will retaliate with 25% tariffs on US imports and limit export of rare minerals as response to Trump tariffs! Trade war is on!,18601,,1128,,1738464090.0,1ifna8h,0
BREAKING: Trump says there will be a 100% tariff on all semiconductors entering the US,18278,,2319,,1754516323.0,1mjhjv6,0
BREAKING: 30-year Treasury yield is now above 5%. China Dumping US bonds at a high rate! Armageddon on tomorrows market guaranteed,16265,,1723,,1744175606.0,1juy55s,0
"US tourism officials sound alarm, tourist flights to US sink 70% and could impact up to 140k hospitality jobs and $14B in economic spending",16258,,1099,,1743568357.0,1jpgdmv,0
"Nvidia sheds almost $600 billion in market cap, biggest one-day loss in U.S. history",15754,,1202,,1738012598.0,1ibkcex,0
US credit rating has been downgraded,15156,Broad market news,812,,1747429858.0,1kobzc7,0
Tesla: The Company is One Giant Lie,15049,Company Discussion,1606,,1738343423.0,1iejost,0
"Trump to announce new 20% tariffs this week on every single US trading partner, not just the initial group of 10-15 countries prev. stated",14737,,2474,,1743465034.0,1johx3c,0
Tesla (TSLA) accounting raises red flags as report shows $1.4 billion missing,14675,Company News,666,,1742471598.0,1jfn3wn,0
Tesla reports disappointing quarterly results as automotive revenue plunges 20%,13938,,967,,1745352789.0,1k5g9yj,0
Tesla done in Germany.  94% say they won’t buy a Tesla car.,13535,,654,,1741997824.0,1jbijyg,0
Is TSLA permanently toast?,13318,Crystal Ball Post,2793,,1741707290.0,1j8tkdx,0
Buffett denies social media rumors after Trump shares wild claim that investor backs president crashing market,13044,Off-Topic,669,,1743861158.0,1js3xtr,0
Amazon is cutting 30k corporate jobs… and Wall Street is cheering lol,12906,Rule 3: Low Effort,1505,,1761591589.0,1ohn70r,0
Disney+ and Hulu face mass cancellations after Jimmy Kimmel suspension sparks coordinated boycott across social media,12616,potentially misleading / unconfirmed,972,,1758402713.0,1nm9pun,0
Are we cooked?,12341,Rule 3: Low Effort,1731,,1747527042.0,1kp743c,0
The US Dollar is DONE!,11907,potentially misleading / unconfirmed,424,,1745223491.0,1k48dm5,0
Trump announces 25% tariffs on all cars ‘not made in the United States’,11302,,157,,1743024568.0,1jkn9bk,0
McDonald's reports largest revenue drop in US since pandemic as consumers pull back on spending,11220,,1239,,1746104318.0,1kc837j,0
BREAKING: Trump places 100% tariff on China starting November 1st,11187,Broad market news,1808,,1760130361.0,1o3d10v,0
WSJ: Dow Headed for Worst April Since 1932 as Investors Send ‘No Confidence’ Signal,11057,,519,,1745287607.0,1k4v51k,0
The US bond market is continuing to crash. Will this make Trump back off of China?,10855,Advice Request,1422,,1744386209.0,1jwsz9l,0
"Agriculture isn't nearing trade war tariffs crisis, 'it is full blown crisis already' farmers say",10829,,934,,1745847545.0,1k9vrt4,0
CNBC: Trump directs commissioner of labor statistics to be fired,10758,Industry News,931,,1754072904.0,1mf49mh,0
The reality of what’s happening.,10564,Crystal Ball Post,1568,,1744041773.0,1jtouzf,0
Tariffs are back on Trump says!,10547,,1903,,1744574224.0,1jyghal,0
"Companies in the EU are starting to look for ways to ditch Amazon, Google, and Microsoft cloud services.",10132,,642,,1742802557.0,1jilfwg,0
"Trump orders creation of US sovereign wealth fund, says it could buy TikTok",10095,,2151,,1738609690.0,1igx2a9,0
Trumpcession: How to Prepare,10051,Crystal Ball Post,2365,,1741274948.0,1j4y0ip,0
White House announces $600 billion Saudi investment in U.S.,10003,Broad market news,862,,1747160366.0,1klt836,0
"Trump resumed his attacks on Jerome Powell Thursday, calling the central bank boss a ""fool"" who ""doesn’t have a clue.""",9876,Broad market news,657,,1746708012.0,1khp3ey,0
"Trump threatens to cut Musk’s government contracts, escalating their public feud",9748,,710,,1749149901.0,1l47glq,0
BREAKING: Walmart to hike prices imminently,9525,Company News,979,,1747314795.0,1kn7vz6,0
"Tesla speeds up odometers to avoid warranty repairs, US lawsuit claims",8735,Company News,330,,1744927363.0,1k1p0mo,0
"Because I work for a big Wall Street firm, I'm limited on what I can write here.  But here's a story you may enjoy.",8587,potentially misleading / unconfirmed,428,,1738630344.0,1ih5a12,0
Trump tells Walmart to 'eat the tariffs' instead of raising prices,8574,Industry News,1276,,1747496353.0,1kovw6j,0
Donald Trump authorises 90-day pause on all tariffs effective immediately,8558,Confirmed True!,2079,,1744219419.0,1jvbdtm,0
US tourism industry expecting a $64 billion drop in 2025 revenue due to travel restrictions by the Trump admin and international boycotts,8346,,562,,1742946309.0,1jjy3ce,0
This UK trade deal is an absolute nothing-burger,8269,Broad market news,888,,1746719802.0,1khtmcd,0
"Firing Powell would hurt the dollar and US economy, France says",8266,Broad market news,415,,1745098094.0,1k36tep,0
I don't see how China/US will de-escalate,8242,Broad market news,472,,1744087623.0,1ju5j3h,0
China tells US to ‘cancel all unilateral tariffs’ if it wants talks,8165,,628,,1745508858.0,1k6v7wu,0
"Trump to Hit Canada, Mexico With 25% Tariffs on Saturday",8154,Political - Stay on topic,1938,,1738279389.0,1ie0pxa,0
Trump: ALL TRADE NEGOTIATIONS WITH CANADA ARE HEREBY TERMINATED. Thank you for your attention to this matter!,7916,Broad market news,1048,,1761275497.0,1oen217,0
"Walmart, Target, Home Depot CEOs warn Trump tariffs risk supply chain disruptions, higher prices, and product shortages",7691,Broad market news,447,,1745413039.0,1k5yhq5,0
"US fed chair Jay Powell speaking today in Chicago, warns of decreasing growth combined with increasing and prolonged price inflation ahead",7577,,427,,1744825845.0,1k0qpxi,0
Suspicious Tesla Sales Surge Triggers Canadian Government Investigation,7473,Rule 3: Low Effort,312,,1741378871.0,1j5z8gn,0
Can we actually report Trump for market manipulation over his tweets?,7448,Company Discussion,895,,1744211604.0,1jv87fp,0
"The U.S. dollar fell about 11% against other currencies in the first half of this year, its biggest decline in over 50 years",7344,,430,,1759526936.0,1nxbr66,0
"TSLA investors, beware",7229,,1252,,1741803951.0,1j9qzgg,0
Trump says China’s Xi called him – Time Magazine Interview.,7173,Broad market news,695,,1745578062.0,1k7hwos,0
Target takes an earnings beating,6958,Company News,1141,,1747826614.0,1krvdgw,0
Trump Calls for End to $52 Billion Chips Act Subsidy Program,6829,,911,,1741181750.0,1j437g9,0
Does anyone else feel uneasy about investing given all of the U.S. Presidents Executive Orders?,6593,Off topic: Political Bullshit,1108,,1739961192.0,1it2hds,0
"Walmart loses $22 billion in market cap, CEO says budget constrained American consumers are showing ""stressed behaviours"" and low confidence",6564,,520,,1743118427.0,1jlh81d,0
"Trump: New travel barriers for Canadian tourists, the biggest source of US tourism. Expect impact on airlines, hotels, retail, restaurants",6530,,843,,1741825711.0,1j9zdif,0
BREAKING: China raises tariffs on U.S. goods to 125%,6486,Broad market news,667,,1744359618.0,1jwkuhb,0
Commerce secretary begs Fox News viewers to buy Tesla stock in bizarre interview,6410,,771,,1742494797.0,1jfvmd0,0
Elon Musk becomes the first person to reach a net worth of $400 billion,6259,Off-Topic,276,,1733968280.0,1hca86o,0
Tesla: A fatal self-driving crash shows the stupidity of camera-only FSD,6257,,640,,1749049525.0,1l37wxc,0
And here we go: Treasury Secretary Scott Bessent DENIED that the Trump administration is considering slashing tariffs on Chinese imports,6211,Broad market news,486,,1745425427.0,1k63eje,0
"Trump Blames Biden for Market Woes, Promises Economic Boom Ahead.",6108,,615,,1746025617.0,1kbisqf,0
Trump has threatened to place a 100% tariff on Barbie maker Mattel,6096,,612,,1746827147.0,1kiu8i8,0
Global investors are dumping a record amount of American stocks,6042,,729,,1744890071.0,1k1anog,0
White House confirms 104% tariffs on China goes into effect starting April 9,5994,Broad market news,794,,1744134570.0,1jujsqd,0
US Treasury Secretary Lutnick: Trump may roll back Canada and Mexico tariffs tomorrow,5959,,1211,,1741126179.0,1j3n393,0
Trump backs down on tariffs threat,5937,Broad market news,686,,1760293053.0,1o4weu2,0
"Hell, even Netflix has tariffs.",5814,Industry News,631,,1746451260.0,1kfbgrg,0
"China calls on the United States to ""completely cancel"" tariffs.",5667,,439,,1744555750.0,1jy9cx7,0
"Trump likely to Fire Powell soon, White House official says: Bloomberg",5658,,677,,1752680060.0,1m1frce,0
Tesla investor survey shows 85% believe Elon Musk’s politics are having ‘negative’ or ‘extremely negative’ impact on company,5633,,186,,1741793181.0,1j9mlkx,0
Tesla CEO Elon Musk loses bid to get $56 billion pay package reinstated,5563,Off topic: Political Bullshit,754,,1733177438.0,1h57cx2,0
I thinks it's pretty safe to assume a recession is coming,5539,,804,,1745253997.0,1k4i4i1,0
Elon Musk Is Running Out Of Ideas To Save Tesla,5436,Company News,684,,1745696547.0,1k8ldji,0
Trump Tells Inner Circle That Musk Will Leave Soon,5429,Off-Topic,346,,1743607923.0,1jpri9n,0
"Trump fires two board members from credit union regulator, raising fears about the Fed's independence",5347,,498,,1744896636.0,1k1cu53,0
How bad would it be if Trump fired Powell?,5289,Advice,2014,,1744988898.0,1k277cj,0
"Tesla CEO Elon Musk bashes the $500 billion AI project Trump announced, claiming its backers don’t ‘have the money’",5255,Broad market news,570,,1737567286.0,1i7gq5j,0
"Finally, Trump administration quietly reaches out to Beijing to kick off tariff talks",5227,Broad market news,437,,1746100447.0,1kc6uir,0
"Trump raises tariffs on certain Canadian imports by another 25%, totaling 50%.",5165,,781,,1741703792.0,1j8s7om,0
China is playing the US right now,5131,,782,,1744167676.0,1juvwsy,0
Billionaire Ray Dalio: ‘I’m worried about something worse than a recession’,5123,,423,,1744567553.0,1jydvrf,0
Is it possible that Trump’s tariffs are a massive pump and dump scheme?,5098,Rule 3: Low Effort,689,,1743767133.0,1jr9uxv,0
Trump Taps Palantir to Compile Data on Americans,5059,Company News,430,,1748620846.0,1kz7xkg,0
Donald Trump says US will set new tariff rates for scores of countries,5056,Broad market news,843,,1747394718.0,1knyf2u,0
This is a disaster of epic proportion”  Trump vs. Musk turns into a $150B Tesla bloodbath,4933,Company Discussion,710,,1749251929.0,1l56hgo,0
Elon Musk defends $1 trillion pay package: ‘I just don’t feel comfortable building a robot army here and then being ousted’,4842,Company News,600,,1761336796.0,1of85md,0
The era of American stock market exceptionalism is over,4835,,587,,1745076348.0,1k2ys45,0
Bloomberg: Markets are Discovering that the Real Trump Trade is Sell America,4723,Broad market news,295,,1745330928.0,1k5789e,0
Tesla just got even more bad news from Europe,4690,Company News,540,,1742919169.0,1jjn4aa,0
"Trump To Tariff Chips Made In Taiwan, Targeting TSMC",4666,,1347,,1738028418.0,1ibqaz5,0
Zero ships from China are bound for California’s top ports.,4658,,369,,1746896228.0,1kjeuzu,0
Trump just said that they have a zero tariff agreement with India and there was no market reaction,4624,,569,,1746561615.0,1kge4b7,0
I'm predicting that Trump's $100k H1b nuclear bomb is just a market manipulation ploy,4605,,723,,1758386716.0,1nm33ll,0
Trump says he 'couldn't care less' if auto prices rise because of tariffs,4596,Broad market news,410,,1743349647.0,1jnfbke,0
"Japanese finance minister says selling U.S. bonds a ""card on the table""",4580,,291,,1746216294.0,1kdafae,0
Does anyone else find it weird that the economy is okay?,4561,potentially misleading / unconfirmed,2933,,1745681746.0,1k8fpsu,0
So 125% tariffs on china is suddenly NOT supposed to cause a supply chain crisis?,4535,Industry Question,558,,1744221745.0,1jvccww,0
"President Donald Trump is reportedly looking into possibly delisting Chinese public companies from US exchanges, per Fox News",4525,,629,,1744314840.0,1jw72m8,0
I don’t know why I didn’t listen to Buffet and cash out like he did before ‘this’.,4472,,564,,1743666391.0,1jqcfkt,0
Dow futures fall 600 points after Israel launches attack on Iran,4433,Broad market news,721,,1749781783.0,1la4vqp,0
Trump Says He’ll Buy a Tesla to Support Musk After Shares Plunge,4408,Off topic: Political Bullshit,1112,,1741669511.0,1j8jamd,0
Short sellers make $16bn profit from Tesla’s share price plunge,4382,,401,,1742307580.0,1je61z1,0
Some of you have completely lost touch with reality.,4331,Low Effort / Rant,410,,1735998946.0,1hteuwd,0
USA bombed Iran. What's next for the market? SP500 and global,4328,Broad market news,973,,1750557102.0,1lhckos,0
Bloomberg reporting that Goldman Sachs adjusted US tourism revenue to decrease by $90 billion US dollars in 2025,4318,,260,,1744764719.0,1k07y4h,0
Schumer says Democrats will force Senate floor vote on Trump tariffs,4298,Broad market news,259,,1745341380.0,1k5bi48,0
Moment of Silence for Everyone’s Portfolios,4309,Rule 3: Low Effort,518,,1743791092.0,1jriw47,0
Pure market manipulation.,4287,Crystal Ball Post,683,,1744059940.0,1jtwc39,0
"US economy added 911,000 fewer jobs than previously reported in largest-ever revision",4270,Broad market news,349,,1757438842.0,1ncp6wl,0
"Visa drops 7%, Mastercard 6% after report says Amazon and Walmart may bypass credit cards with stablecoins",4271,Company News,538,,1749872250.0,1laz3o7,0
Tesla (TSLA) Stock: Trump’s Purchase Fails to Sustain Rally,4272,Company Discussion,494,,1741874153.0,1jaciwt,0
"This is why you don't try to time the market. You don't know anything, no matter how smart you think you are.",4216,,809,,1744221401.0,1jvc7ic,0
Take Back Tesla campaign urges shareholders to reject Musk $1 trillion pay plan,4114,,346,,1761093244.0,1octyv8,0
Switzerland has no tariffs on American goods. Trump decided to hit them with either a 31% tariffs.,4112,,420,,1743868807.0,1js6oeq,0
Trump Teases China Trade Deal “In 3–4 Weeks”… So Basically Never,4082,Off topic: Political Bullshit,764,,1744987128.0,1k26iju,0
US is considering to delist Chinese stocks from its exchanges,4068,Broad market news,644,,1744810460.0,1k0kk8m,0
"Trump Exempts Phones, Computers, Chips From Tariffs",4062,Broad market news,808,,1744465311.0,1jxhkoi,0
U.S. economy shrunk 0.3% in the first quarter as Trump policy uncertainty weighed on businesses,3995,,391,,1746016555.0,1kbfdg2,0
"US announces pauses on Chinese reciprocal tariffs for smartphones, computers, and integrated circuits",3983,Broad market news,720,,1744463280.0,1jxgwp0,0
Elon Musk Is One of the Few Winners From Trump Auto Tariffs,3968,Company News,182,,1743057254.0,1jkxq24,0
"Costco, Best Buy, Nike, Walmart, Target and Macy’s among the retailers raising prices as Trump tariffs take hold",3883,,343,,1748717663.0,1l04m56,0
China says 'market has spoken' after US tariffs spark selloff,3877,,541,,1743839410.0,1jrycag,0
Trump says he'll start setting tariffs in a couple of weeks on nations that haven't struck deals,3878,,786,,1745503715.0,1k6t5f7,0
"Multiple TSLAs set on fire in Germany, and driven into rivers in Canada. Will this increase insurance premiums of TSLAs, and impact sales?",3849,,286,,1741964345.0,1jb5vp9,0
Vietnam’s zero tariff offer has been rejected by the Trump administration. This offer “means nothing to us.”,3823,,495,,1744050850.0,1jtsll8,0
Genuine question: How has the US market not completely tanked yet?,3820,Industry Question,1320,,1744647937.0,1jz32u2,0
Top Tesla Investor Demands Musk's Exit Amid Stock Plunge,3818,Industry News,189,,1742574761.0,1jgl0wc,0
"Fed holds rates steady, defying Trump’s call for cuts",3817,Broad market news,207,,1746641099.0,1kh44as,0
How low can it go?,3801,Crystal Ball Post,1032,,1743690408.0,1jqjv3z,0
Today’s $267.96 drop in the S&amp;P 500 is the second largest fall ever (by points) and the largest percentage drop since Covid (-4.73%),3703,,280,,1743710880.0,1jqsr74,0
"Potus wants each country's ""best offer"" by Wednesday for a trade deal.",3701,Broad market news,777,,1748891554.0,1l1qsu9,0
"S&amp;P 500, Dow Jones On Course To Mimic Rare Consecutive Losses Not Seen Since The Great Depression!",3663,Broad market news,318,,1744007874.0,1jtew7v,0
Trump tariffs reinstated by appeals court for now,3662,,466,,1748546452.0,1kyjlrm,0
"Costco union representing 18,000 workers authorize nationwide strike",3658,,517,,1737401861.0,1i5yv75,0
Trump recommends 50% tariff on European Union starting June 1,3617,Broad market news,705,,1748001841.0,1kthto2,0
"Warren Buffett sounds warning to Washington as Berkshire reports record profit, cash",3587,Broad market news,308,,1740332813.0,1iwft77,0
Adam Schiff Calls For Insider Trading Investigation into Trump Over Tariff Pause,3557,Broad market news,219,,1744287917.0,1jvwm6h,0
Elon Musk tries and fails to pump Tesla’s stock (TSLA),3543,,475,,1741114387.0,1j3ibxk,0
Trump aide says tariffs will raise $6 trillion as White House readies plan,3528,Broad market news,423,,1743365348.0,1jnlbkn,0
"$RDDT will lock content behind a paywall this year, CEO says",3525,Company News,890,,1739553453.0,1ipfmjh,0
Trump Tariffs Live: China says it will impose retaliatory tariffs on all US goods,3529,,475,,1743762318.0,1jr8lne,0
WH: China now faces up to 245% imports,3495,,660,,1744777076.0,1k0bs3n,0
SoftBank sells its entire stake in Nvidia for $5.83 billion,3486,Company News,218,,1762848777.0,1ou3xj9,0
UK and EU to defy Trump with ‘free and open trade’ declaration,3489,,246,,1745854584.0,1k9yj5s,0
Why is PLTR's CEO jumping on national tv to address a single short seller while the stock is near all time highs?,3423,Company News,505,,1762287354.0,1ooi0vb,0
Trump extends China tariff deadline by 90 days,3393,,544,,1754938068.0,1mnlj21,0
Trump Announces Tariffs → Stocks Drop → Buys Stock → Pauses Tariff for 90 Days… What Happens Next,3389,,569,,1744221602.0,1jvcaia,0
Elon Musk Tried to Pressure Norway’s Wealth Fund—A Major Tesla Shareholder—to Approve His Compensation Package,3385,,184,,1738074045.0,1ic2lgt,0
"Nvidia hits $4 trillion market cap, first company to do so",3384,,342,,1752069172.0,1lvjd1q,0
"Consumer prices rise 0.5% in January, higher than expected",3385,,294,,1739367525.0,1inqzcj,0
TSLA isn't the NVIDIA of EV's anymore,3352,,601,,1739312413.0,1inb7p0,0
Chinese Markets are Rejecting Tesla,3342,Company Discussion,367,,1738959679.0,1ik4nfq,0
Microsoft is cutting 3% of all workers,3312,,504,,1747146546.0,1klndcd,0
Trump Is Laying the Groundwork to Blame Powell for Any Downturn,3289,Broad market news,240,,1745293495.0,1k4x0id,0
"Tariffs causing a pharmaceutical shortage, with 95% of ibuprofen sourced from China.",3273,Broad market news,294,,1746109385.0,1kc9z5f,0
Trump says the U.S. and China are 'actively' discussing tariffs. Beijing says that's false.,3273,Resources,252,,1745501440.0,1k6s9gk,0
Coca-Cola Company (KO) shareowners reject anti-DEI activist investor proposals,3271,Company News,357,,1746619873.0,1kgvrra,0
"BREAKING: US cutting levies on Chinese goods to 30% from 145%, China is lowering its levies on US goods to 10% from 125% - both for 90 days!",3251,Broad market news,900,,1747034762.0,1kkmk5a,0
U.S. gov shutdown about to break the 35-day record  markets still acting chill,3223,Company Discussion,479,,1762285088.0,1oogzzd,0
Elon Musk says backlash against his DOGE government cuts is hurting Tesla stock,3224,,569,,1743442672.0,1jo91nk,0
Ken Griffin criticizes Trump tariffs: says those jobs are not coming back,3218,Broad market news,231,,1745666821.0,1k8arnn,0
"Trump says Mexico, Canada tariffs will start March 4, plus additional 10% on China",3158,,576,,1740665251.0,1izgkwe,0
The stock market is fully gaslit for this reason,3152,,585,,1746112512.0,1kcb7tr,0
Anyone else think the trump market will end up crashing? ,3145,Crystal Ball Post,1086,,1737151462.0,1i3s1wn,0
"Tesla sales plunges 70% in Norway, what might the future bring",3127,,280,,1741013870.0,1j2khkm,0
"U.S. added just 73,000 jobs in July and numbers for prior months were revised much lower",3133,,605,,1754051842.0,1mevctp,0
China to impose additional import tax of 84% on US goods in response to Trump tariffs,3114,Broad market news,427,,1744197289.0,1jv38cl,0
Bezos’s ex-wife MacKenzie Scott cuts her Amazon stake by almost half,3094,Company Discussion,343,,1760568086.0,1o7pjzr,0
You are exit liquidity,3079,Off-Topic,738,,1743264149.0,1jmpiqh,0
Boeing shares fall 8% after Air India plane crashes,3075,Company News,370,,1749725728.0,1l9jhex,0
The TACO trade may doom the stock market,3040,,488,,1751920979.0,1lu5g5m,0
Trump Media Sounds Alarm to SEC Over Stock Trading Regarding DJT: 'Suspicious Activity',3007,Industry News,73,,1744899138.0,1k1dswn,0
Google likely to face $4.7 billion USD fine,2975,Company News,306,,1750355832.0,1lfhex0,0
U.S. Stocks are underperforming the rest of the world by the largest margin since 2009,2961,,331,,1759695995.0,1nyz3nz,0
Chinese Embassy says will not bow to fresh Trump tariff threat,2953,Broad market news,378,,1744060264.0,1jtwgrp,0
"Tariffs to cost companies $1.2T this year, mostly hitting consumers",2939,Broad market news,223,,1760843676.0,1oaf6tg,0
China orders halts to Boeing jet deliveries,2930,,311,,1744706778.0,1jzn0at,0
US dollar suffers worst start to year since 1973,2917,,281,,1751293523.0,1lo8vug,0
"US Has Reached Out to China to Initiate Tariff Talks, CCTV Says",2919,,366,,1746064660.0,1kbxkrr,0
Apple Announces $100B Share Buyback.,2887,,447,,1746132886.0,1kcjdo4,0
The Wall Street Journal explains Trump tariffs.,2877,,457,,1745167872.0,1k3qwu1,0
The Mar-A-Lago Accord - they are crashing the market AND the dollar,2868,Off topic: Political Bullshit,146,,1742045423.0,1jbv5dh,0
Trump delays tariffs! For automakers. The rest stays.,2837,,339,,1741202648.0,1j4bg0p,0
Don’t Look at Stock Markets. Look at the Ports.,2832,Broad market news,466,,1746321624.0,1ke88st,0
