neg,neu,pos,compound,body,Body_Sent
0.0,0.0,0.0,0.0,,Neutral
0.0,0.0,0.0,0.0,,Neutral
0.0,0.0,0.0,0.0,,Neutral
0.0,0.0,0.0,0.0,,Neutral
0.0,0.0,0.0,0.0,,Neutral
0.0,0.0,0.0,0.0,,Neutral
0.0,0.0,0.0,0.0,,Neutral
0.0,0.0,0.0,0.0,,Neutral
0.0,0.0,0.0,0.0,,Neutral
0.0,0.0,0.0,0.0,,Neutral
0.0,0.0,0.0,0.0,,Neutral
0.0,0.0,0.0,0.0,,Neutral
0.0,0.0,0.0,0.0,,Neutral
0.088,0.836,0.076,-0.8457,"#What's going on?

A recent Reddit policy change threatens to kill many beloved third-party mobile apps, making a great many quality-of-life features not seen in the official mobile app **permanently inaccessible** to users.

On May 31, 2023, Reddit announced they were raising the price to make calls to their API from being free to a level that will kill every third party app on Reddit, from [Apollo](https://www.reddit.com/r/apolloapp/comments/13ws4w3/had_a_call_with_reddit_to_discuss_pricing_bad/) to [Reddit is Fun](https://www.reddit.com/r/redditisfun/comments/13wxepd/rif_dev_here_reddits_api_changes_will_likely_kill/) to [Narwhal](https://www.reddit.com/r/getnarwhal/comments/13wv038/reddit_have_quoted_the_apollo_devs_a_ridiculous/jmdqtyt/) to [BaconReader](https://www.reddit.com/r/baconreader/comments/13wveb2/reddit_api_changes_and_baconreader/).

Even if you're not a mobile user and don't use any of those apps, this is a step toward killing other ways of customizing Reddit, such as Reddit Enhancement Suite or the use of the old.reddit.com desktop interface [](/ajwtf ""and everything that goes with it!"").

This isn't only a problem on the user level: many subreddit moderators depend on tools only available outside the official app to keep their communities on-topic and spam-free.

#What's the plan? 

On June 12th, [many subreddits](https://old.reddit.com/r/ModCoord/comments/1401qw5/incomplete_and_growing_list_of_participating/) will be going dark to protest this policy. Some will return after 48 hours: others will go away *permanently* unless the issue is adequately addressed, since many moderators aren't able to put in the work they do with the poor tools available through the official app. This isn't something any of us do lightly: we do what we do because *we love Reddit*, and we truly believe this change will make it impossible to keep doing what we love.

The two-day blackout isn't the *goal*, and it isn't the end. Should things reach the 14th with no sign of Reddit choosing to fix what they've broken, we'll use the community and buzz we've built between then and now as a tool for further action.

What can *you* do?

1. **Complain.** Message the mods of /r/reddit.com, who are the admins of the site: message /u/reddit: submit a [support request](https://support.reddithelp.com/hc/en-us/requests/new): comment in relevant threads on /r/reddit, such as [this one](https://www.reddit.com/r/reddit/comments/12qwagm/an_update_regarding_reddits_api/.), leave a negative review on their official iOS or Android app- and sign your username in support to this post.

2. **Spread the word.** Rabble-rouse on related subreddits. Meme it up, make it spicy. Bitch about it to your cat. Suggest anyone you know who moderates a subreddit join us at our sister sub at /r/ModCoord  - but please don't pester mods you *don't* know by simply spamming their modmail.

3. **Boycott *and* spread the word...to Reddit's competition!** Stay off Reddit entirely on June 12th through the 13th- instead, take to your favorite *non*-Reddit platform of choice and make some noise in support!

4. **Don't be a jerk.** As upsetting this may be, threats, profanity and vandalism will be worse than useless in getting people on our side. Please make every effort to be as restrained, polite, reasonable and law-abiding as possible.

[See here for the original r/Apple thread on this issue. 
](https://www.reddit.com/r/apple/comments/13wtu6z/reddit_may_force_apollo_and_thirdparty_clients_to/)",Negative
0.0,0.0,0.0,0.0,,Neutral
0.025,0.696,0.279,0.9996,"WINNER HERE: https://www.reddit.com/r/apple/comments/jw40ai/hey_apollo_for_reddit_app_guy_here_back_with_the/

[***GIVEAWAY ENTRY HAS NOW CONCLUDED. I'm in class now but will draw the winner tonight and post the results, stay tuned!***]

***[PART 3 is here, since we hit the comment cap on this thread: https://reddit.com/r/apolloapp/comments/jv6f78/part_3_im_giving_away_an_iphone_12_promaxmini_to/]***

Hey,

I'm the guy who builds [Apollo for Reddit](https://itunes.apple.com/app/id979274575), an alternative iPhone app for Reddit that people on r/Apple have been really kind to in loving. I had a lot of fun working on the iOS 14 update with a ton of cool, customizable home screen Widgets, Picture in Picture video, and a bunch of other Reddit meets iOS 14 goodness, and now that all the new iPhones are out I wanted to celebrate it with a giveaway. (Who said those YouTubers get to have all the fun?)

I did this giveaway [last year for iOS 13](https://www.reddit.com/r/apple/comments/d7ejpn/im_giving_away_an_iphone_11_pro_to_a_commenter_at/) if some of you remember and everyone seemed to have a great time, so I figured making it an annual thing could be fun. ([Proof of winner](https://www.reddit.com/r/apolloapp/comments/e085k1/apollo_iphone_giveaway_i_won/)) Plus the people who use Apollo are all super nice and give me awesome suggestions all the time for making it even better so consider it a thank you as well. 

# What Do I Win?

The winner gets their choice of any iPhone 12 model (Pro or non Pro, Max, normal sized or Mini) in any color and 128 GB capacity. Are you a BLUE person? RED? GOLD?! When this post is 24 hours old, at 11 PM GMT ([countdown](https://www.wolframalpha.com/input/?i=time+until+11+pm+gmt)), I'll post in r/ApolloApp who the winner is, I'll also DM you for details and people will probably spam you as well. 

# Rules

Simply check out this thread and comment and you're entered! Don't spam jibberish though please, and no multiple comments. If you're looking for an idea for a comment, tell me your favorite iPhone model of all time, or the first third party app you remember downloading. Account must have been created at the time of this post to prevent creating accounts just to enter. You do not have to download Apollo to enter, but it may give you extra luck who knows.

# Apollo? iOS 14 update?

Apollo is an alternative Reddit app for iOS with a focus on clean design and feeling right at home on iOS with a native design and adopting all the best, newest features, like Widgets, Picture in Picture video, super fast media viewer, and more. I started building it after finishing working at Apple in 2015 and have been working on it full time since. It's free to download and has over 100,000 five-star reviews, so [you should really check it out](https://itunes.apple.com/app/id979274575)! It's built solely by me, and I built it closely with community input to craft the best Reddit experience out there. 

Even if you're used to the official app, I think you'll really like the improvements Apollo offers to your browsing experience, even if it just [prevents you from getting Rick Roll'd](https://www.reddit.com/r/apolloapp/comments/79jjlx/just_realized_that_apollo_has_built_in_rick_roll/). 

# Do you have any pets?

Yeah I have two cats named [Hugo](https://i.imgur.com/zlbhVQg.jpg) and [Ruby](https://i.imgur.com/uWU4Kfc.jpg). They're great, I also get to pet my neighbor's dog Leonard sometimes who is really cute. Sorry I don't have a picture of him but picture a big black shaggy dog.

# Thank You!

Seriously, have some fun and best of luck! My whole job exists thanks to the kindness of this subreddit and community, so thank you and I'll do my best to continue to impress you with some more sick updates. :) 

\- Christian

***[PART 3 is here, since we hit the comment cap on this thread: https://reddit.com/r/apolloapp/comments/jv6f78/part_3_im_giving_away_an_iphone_12_promaxmini_to/]***",Positive
0.0,0.0,0.0,0.0,,Neutral
0.03,0.693,0.277,0.9997,"24 hours is up and the winner is announced! https://www.reddit.com/r/apolloapp/comments/d7vsh0/and_the_winner_of_the_iphone_11_pro_is/

Hey!

I build a Reddit client for iOS called [Apollo for Reddit](https://itunes.apple.com/app/id979274575). In a sentence, it's an iOS-focused Reddit app (not crossplatform, iOS only) that's an alternative to the official app with the goal of being speedy, comfortable to use, great media browsing, and just the best iOS has to offer in general. I loved Alien Blue, and wanted to build something as powerful and awesome as it, but with the goal of feeling even more like an iOS-first experience. [Here's a link](https://itunes.apple.com/app/id979274575)

I started working on Apollo right after I finished working at Apple in the summer of 2015, worked on it through 2017 when it finally got released, and it's been my full time job since.

I love that I can build such a fun and exciting app every day, and no bullshit, it's only because of the support of the Reddit Apple community that I've been able to. There's no ads, no investors, only optional support from you guys to sustain the app. It's built solely with the goal of making Redditors happy and I do my absolute best to be active in the community and base the app around its feedback.

So as a thank you, and to celebrate many sleepless nights working on the iOS 13 update that's now live, I wanted to do a lil giveaway open to anyone in the community. I'm not Unbox Therapy so it's not a pick up truck full of iPhones, but I thought giving away an iPhone 11 Pro (or Pro Max) could be a fun way to say thanks (or a regular iPhone 11 if that's what you want).

### How do I enter?

Just comment and you're entered. If you want something to comment about, uhh, help me name [the Apollo mascot](https://apolloapp.io). You have [24 hours](https://www.wolframalpha.com/input/?i=how+long+until+4+pm+september+22+2019+halifax%2C+nova+scotia+time).

### What do I win?

An iPhone 11 Pro or Pro Max or regular 11 (maybe you want that nice red). 256GB. Color of your choice.

### Any rules?

Your Reddit account has to have been created before this thread was posted to prevent a bunch of duplicate accounts posting. Also I'll PM you if you win, you have 48 hours to respond to the PM (will go out Monday) or it'll go to the next person. All countries accepted so long as it's not impossible to get it to you.

### What's in Apollo's iOS 13 update?

Like I said Apollo's really focused on being the best iOS has to offer and really feeling at home on the platform. iOS 13 brought a bunch of really cool stuff, so I wanted to support as much of it as I could on day 1. So Apollo has support the (finally) system dark mode, the new haptic touch context menus, super fast launch times, there's Siri Shortcuts support so you can say [""normie garbage"" and have it open r/dankmemes](https://www.reddit.com/r/apolloapp/comments/90b66h/yo_is_apollo_gonna_support_siri_shortcuts/) or just build cool systems in the Shortcuts app in general. There's also multi-window support on iPad which is super cool. Hell, iOS 13 even supports PS4 and Xbox One controllers now so I added support for those. I really wanted to build something that didn't feel like a cross-platform, half Android /Material Design mixture, but instead feels like it was built from the ground up for iOS.

### Should I give Apollo a try? I don't mind the official app tbh

The official app's really cool, built by some super smart people, I even got to meet some of the engineers at WWDC this year. Utmost respect. It's kinda like a car though, you might use your car, it might get you from point A to point B fine, it's a solid enough car, why switch? Well, you might sit in a friend's car, find it just a bit more comfortable, maybe a bit speedier, sportier, appreciate some of the design choices better, and overall just find it a more enjoyable experience. Apollo Car has a really awesome media viewer, fast swipe gestures, speed, GIF scrubbing, a subreddit Jump Bar, really great comments view, and much more that you really have to see first hand. On top of this, in this analogy the competing car is free, [so why not try it](https://itunes.apple.com/app/id979274575). :P 

Oh here's a quick album of screenshots I put together: https://imgur.com/a/UO2J10s (There's light mode too if you're into that!)

### I have an idea for your app!

Sick, that would make for a great comment, please do. :D I genuinely build the app solely planned around community feedback, so I'd greatly appreciate it!

\- Christian

24 hours is up and the winner is announced! https://www.reddit.com/r/apolloapp/comments/d7vsh0/and_the_winner_of_the_iphone_11_pro_is/",Positive
0.0,0.0,0.0,0.0,,Neutral
0.0,0.0,0.0,0.0,,Neutral
0.0,0.0,0.0,0.0,,Neutral
0.0,0.0,0.0,0.0,,Neutral
0.0,0.0,0.0,0.0,,Neutral
0.0,0.0,0.0,0.0,,Neutral
0.0,0.0,0.0,0.0,,Neutral
0.0,0.0,0.0,0.0,,Neutral
0.0,0.0,0.0,0.0,,Neutral
0.0,0.0,0.0,0.0,,Neutral
0.203,0.677,0.12,-0.4939,I guess Lufthansa doesn’t like how their passengers are calling them out for bad baggage service.  I’m never flying without AirTags again; they solved my travel anxiety of airlines losing my luggage.,Negative
0.0,0.0,0.0,0.0,,Neutral
0.0,0.0,0.0,0.0,,Neutral
0.0,0.0,0.0,0.0,,Neutral
0.01,0.831,0.159,0.9948,"# UPDATE: Winner has been announced! https://www.reddit.com/r/apolloapp/comments/xwjpof/apollos_iphone_14_pro_giveaway_winner_has_been/

**This thread has hit the 100K Reddit comment limit, comment on this new thread now:  https://www.reddit.com/r/apolloapp/comments/xu8zct/part_2_hey_developer_of_apollo_for_reddit_here_im/**

Hey all,

Years back I worked at Apple, and now I took what I learned there and build an app for Reddit called Apollo. It's a free alternative to the official app, built specifically for iOS (almost like if Apple created their own Reddit app), with lots of customizability, and being built in the open with community feedback. 

Download link: https://apps.apple.com/app/id979274575

I worked my butt off this summer so you'd have a Reddit app with all the best iOS 16 features on day 1:

- A ton of awesome Lock Screen Widgets for Reddit, so you can keep tabs on your favorite subreddits, or how your posts are doing, total distance scrolled, etc. right from your lock screen
- Live Text analysis, similar so the Photos app you can now directly select, share, and translate text just by selecting text in pics and videos in Apollo
- Subreddit weather for hundreds of subreddits, so when you go to one you can see the weather there, as well as the local time!
- Scroll Distance Tracker, so as you use Apollo you get live stats on how many miles you've scrolled in total, synced between all your devices, with comparisons to common distances like the height of Mount Everest, or 48 Shaquille O'Neals, and you can even set distance goals like a true athlete!
- Pixel Pals, so if you have an iPhone 14 Pro, you can have [a little Tamagotchi-style buddy above the Dynamic Island](https://twitter.com/ChristianSelig/status/1570863225234923520) while you browse Reddit, and even if you don't have the newest iPhone, you can pin them to your Lock Screen as a widget!
- More fun Dynamic Island stuff to come!

Really proud of this update, so to celebrate it I wanted to do like I've done in the past, and have an iPhone 14 Pro giveaway! Just leave a comment (no spam pls) and you're entered, and I'll draw the winner in 24 hours.

Pic: https://i.imgur.com/dXBe07S.jpg",Positive
0.0,0.0,0.0,0.0,,Neutral
0.0,0.0,0.0,0.0,,Neutral
0.0,0.0,0.0,0.0,,Neutral
0.0,0.0,0.0,0.0,,Neutral
0.0,0.0,0.0,0.0,,Neutral
0.0,0.0,0.0,0.0,,Neutral
0.0,0.0,0.0,0.0,,Neutral
0.128,0.573,0.299,0.5563,So I can enjoy auto horizontal videos in any position without the screen flipping like crazy.,Positive
0.0,0.0,0.0,0.0,,Neutral
0.043,0.775,0.182,0.9994,"Hey!

For the last almost three years, I've been developing a brand new Reddit app for iOS called Apollo. I used to work at Apple, and since then I took what I learned and built Apollo from the ground up to look and feel like a gorgeous Reddit experience that is distinctly iOS, following the design guidelines Apple put forth, to almost envision what Reddit would look like if Apple themselves built a Reddit app, with all the power, speed and flexibility you could possibly want.

**Download link:** https://itunes.apple.com/app/apollo-reddit-client/id979274575?mt=8

**Trailer:** https://www.youtube.com/watch?v=MKbPZVDg-Z8

I [posted](https://www.reddit.com/r/apple/comments/2u86mj/announcing_apollo_a_brand_new_gorgeous_reddit_app/) a few years back, and literally thousands of awesome Redditors joined the beta program to help sculpt the best Reddit experience possible and form Apollo into what it is today. So much of the feedback fundamentally transformed Apollo beyond what I could have done or foreseen myself.

It's available for download for free, and I'd love for you all to check it out if you have the chance (and send me feedback over in r/ApolloApp if you have any!). Fundamentally, I focused on giving it a gorgeous iOS design, with a really powerful Media Viewer, incredible comments experince, a full Markdown editor, fully customizable gestures, and so much more. It's insanely powerful, while also maintaining a really clean, simple design.

Again, your feedback would be monumental. This is just the beginning for Apollo, and really hope I can keep building onto it for a long time coming with even more incredible features.

### Questions

##### Why build it? There's already Reddit apps.
While there are some nice ones, nothing exactly scratched my itch as to what a Reddit client could really achieve on iOS. Alien Blue came close, but still had a UI that especially once iOS 7 launched felt outdated and somewhat out of place on iOS. Android also has some really great clients, but I just think the experience on iOS has been lacking and is due for something to really show what Reddit on iOS can be. I built Apollo with the goal of not just being the best Reddit experience on iOS, but the best Reddit experience *period*.

##### What's wrong with the official Reddit app?
Nothing, if you're happy, great! Reddit has a lot of really smart people on it. For me, however, I'm not a fan of how they're trying to get one central look across iOS and Android, I really think an iOS app should look and feel like an iOS app, and an Android app should respect Material Design. I think designing for the middle results in a clunky experience where the potential of both platforms is never realized to the fullest. Apollo is an iOS app period, built to take advantage of iOS features and feel like a beautiful, familiar iOS app. I also think they discontinued Alien Blue without incorporating the best parts of it that people loved the most, such as the minimal, uncluttered UI (Alien Blue was much more compact and concise), as well as powerful features like swipe to collapse comments, full screen, inline previews for links in comments, etc. Apollo has all that and more, because I think it's essential part of browsing on iOS.

##### I'm still using Alien Blue, why use Apollo?
I can say without question Alien Blue was an incredible app, I loved it. But it's very clearly not being taken care of anymore. If you plan to get an iPhone X, it won't even display properly and will have black bars at the top. For everyone else, it's simply not getting updates or being maintained properly, and it's obviously got worse and worse. Imgur links don't work that well anymore, Reddit's own content links certainly don't, more and more things are stopping loading. Lots of new features of Reddit are missing (and even some old goodies, like multireddits) too. I really built Apollo with the power of Alien Blue in mind, I think if you're a fan of Alien Blue you'll feel right at home in Apollo.

##### It's free? How do you make money/expect it to survive?
I more or less just copied how Alien Blue did it, where it's free to download and use forever (with no ads), and you can unlock a ""Pro"" version in the app for $2.99 that unlocks some extra features like submitting posts (same as Alien Blue did), automatic dark mode, customizing gestures, customizing the app icon, and a bunch more. I mean, I'd love to give out everything for free, but I can't afford to compete with a billion dollar company like Reddit. I'm just one guy in an apartment with an awesome girlfriend and [two cute cats](https://i.imgur.com/7dKJs2n.jpg), and obviously need some form of revenue in the app to sustain me being able to build the app at all and give it a healthy future. Choosing *which* features to include in Pro is obviously hard, but I thought Alien Blue [set a good standard](https://www.reddit.com/r/AlienBlue/comments/1i2fe4/im_trying_to_convince_a_friend_to_get_pro/) with its unlockable features, which allowed it to have a healthy, long-ish life. I hope that's understandable, I just really want to be able to keep building onto this app for a long time coming.

##### Does it have ads?
No, no ads anywhere.

##### iPad app?
Yep, it's a universal app! I have awesome plans to really bring it further and to the next level on iPads as well.

##### Available everywhere?
Yes! International, baby!

##### What are your plans for Apollo for the future?
A lot. :) I have a ton of things I want to build for Apollo, from an even better, super-powered iPad app, to even more powerful content filtering, more moderator features, full comment search, etc. My plan is to have users vote on which features they want to see the most, and I'll work on those, so it'll become even more of a Reddit app for Redditors, by Redditors.

If you have any more I'm more than happy to answer them! I'll be at my keyboard all day until I've answered everything or my wrists fall off. EDIT: Oh boy, you all are hard to keep up with. I will answer every question though if it takes me weeks!

**Download link**: https://itunes.apple.com/app/apollo-reddit-client/id979274575?mt=8 

**Trailer:** https://www.youtube.com/watch?v=MKbPZVDg-Z8

**More Info:** https://apolloapp.io

— Christian",Positive
0.0,0.0,0.0,0.0,,Neutral
0.0,0.0,0.0,0.0,,Neutral
0.0,0.0,0.0,0.0,,Neutral
0.0,0.0,0.0,0.0,,Neutral
0.0,0.0,0.0,0.0,,Neutral
0.0,0.0,0.0,0.0,,Neutral
0.0,0.0,0.0,0.0,,Neutral
0.0,0.0,0.0,0.0,,Neutral
0.0,0.0,0.0,0.0,,Neutral
0.0,0.0,0.0,0.0,,Neutral
0.0,0.0,0.0,0.0,,Neutral
0.0,0.0,0.0,0.0,,Neutral
0.0,0.0,0.0,0.0,,Neutral
0.0,0.0,0.0,0.0,,Neutral
0.0,0.0,0.0,0.0,,Neutral
0.0,0.0,0.0,0.0,,Neutral
0.0,0.0,0.0,0.0,,Neutral
0.034,0.873,0.093,0.8054,"So I decided to tune in on Samsungs new Note 10 launch. I won't lie I was super salty when I saw Samsung base storage is 256GB with the note 10 at $950. Kinda feels bad considering I paid $999 for my XS with 64GB. I am hoping Apple bumps their base storages across all their products.

Edit: Okay RIP my inbox, did not expect this to make it to the front page. But I'm glad the general consensus is 64GB on a $1000 phone and 128GB (non-upgradable) on a $1200 laptop is not enough. Overtime everything is starting to take more storage so it'd be nice for Apple to step it up and give us a little more for our money.",Positive
0.0,0.0,0.0,0.0,,Neutral
0.0,0.0,0.0,0.0,,Neutral
0.0,0.0,0.0,0.0,,Neutral
0.026,0.772,0.202,0.9995,"Yeah that was one hell of a way to wake up.

Long story short yesterday [I made a post here](https://www.reddit.com/r/apple/comments/953nqz/i_built_the_apollo_reddit_client_and_im_donating/) saying I'll donate all the proceeds from my [Apollo Reddit app](https://itunes.apple.com/app/id979274575) for the day to our local SPCA animal shelter (an awesome Canadian non-profit, no-kill shelter) because they said they were really low on supplies and well cats and dogs are awesome and need our help. I wanted to make a donation but I figured the awesome Apple/Reddit community might want to get in on that and give them something for it in the process so I made a post about it and sweet mayonnaise did you guys ever.

$5,087.23 is the total amount raised. Yeah seriously I'm not joking, I wanted to raise like a few hundred bucks but 5 freaking grand is just absurdly beyond what I thought. All the amounts below are in Canadian dollars at today's exchange rate because most things came in in US dollars and it's a Canadian charity.

### Breakdown

- $4,038.55 in proceeds from Apollo sales. 
- $500 ($653.16 CAD) approximately from a ton of [direct donations](https://46189.thankyou4caring.org/sslpage.aspx?pid=298), hard to keep track but going off of a general tally from the comments and PMs I received I can honestly say I think that's undershooting the amount donated directly if anything 
- $50 worth of bitcoin donated ($65.31 CAD)
- $25 from a kind friend
- Someone awesomely gave me Reddit gold so I'll donate that too ($5.21 CAD)

That brings the total to approximately $4,787.23 but I really wanted that over $5,000 (plus there's some still some people commenting here and there about donating through Apollo even though the day's over and I want their money to count) I'll throw in another $300 of my own for a clean total of $5,087.23.

### Proof

As I stated around $500 ($653.16 CAD) of that total was donated directly to the charity (not through Apollo) from some amazing people so they already have those funds awesomely, so the amount remaining is $5,087.23 - $653.16 which is $4,434.07.

I wanted to try to figure out the best way to donate that, so I [posted asking](https://www.reddit.com/r/halifax/comments/95c0cs/if_i_theoretically_had_about_5000_to_donate_to/) and then called their fundraising line to make sure and they said it would be best to donate it directly, which makes a lot of sense.

Of course it would have been cool to throw open the doors of the shelter with $5,000 worth of pet food and music playing but the goal is the animals (and not to be flashy) and fact is they can do a lot more with that money directly than through one of us buying stuff (bulk supply discounts, they can put it exactly where needed, etc.) so I donated it directly per their advice and now they can do the best possible things with it to help out the kitties and puppies and turtles and rabbits and whatnot of Nova Scotia. :)

- Proof 1 from online form: https://i.imgur.com/katRyYv.png
- Proof 2 from confirmation email: https://i.imgur.com/VWy46Ja.png
- Proof 3 from bank account: https://i.imgur.com/sa7L7r7.png
- Proof 4 from thank you email from them (wow!): https://i.imgur.com/WcGmh7Y.png

If you need more proof and can think of a way to provide it please just say so.

### Pics

A bunch of people were curious to see pics of the animals in need so we stopped over on my girlfriend's lunch break and took some pics for y'all. It's the same shelter [we got both of our cute fuzzballs from too](https://i.imgur.com/IaZqLDm.jpg).

Here's an album of a bunch of the pics (it was really hot out so I couldn't take any of the dogs out for a walk to take some pics they're really cute and I took a pic of the adoption board): 

Album of cute animals animals at the shelter: https://imgur.com/a/kYEoI5y

Video of one kitty getting head ~~scratches~~ scritches: https://streamable.com/t3y5t

### Thank You

Seriously everyone thank you so much. It honestly blew me away, I was hoping for a small something but I really think this is going to make a massive difference to a lot of needy animals, y'all are the best. And if anyone missed the chance yesterday and still want to you can donate directly to them here: https://46189.thankyou4caring.org/sslpage.aspx?pid=298 Or even just to your local shelter, they surely need the help as well! My two little furballs thank you too.

Definitely won't be the last time I do this with Apollo, I'll try to do something like this again someday since it went so well. :D Anyway, back to work (and obligatory if you wanna check out a cool Reddit app check out [Apollo](https://itunes.apple.com/app/id979274575)!)

If you have any questions or anything too I'm happy to answer. 

– Christian

**EDIT**: A lot of people have asked ""What is Apollo""? So to answer that quickly [Apollo](https://apolloapp.io)'s a Reddit app that is an alternative to the official Reddit app, I built it from scratch with the goal of a more iOS centric design with faster navigation, gestures and a bunch more. You can find more at https://apolloapp.io and if there's any Alien Blue hold outs I think you'll really like it (I loved Alien Blue too).",Positive
0.0,0.0,0.0,0.0,,Neutral
0.0,0.0,0.0,0.0,,Neutral
0.0,0.0,0.0,0.0,,Neutral
0.0,0.0,0.0,0.0,,Neutral
0.0,0.0,0.0,0.0,,Neutral
0.0,0.0,0.0,0.0,,Neutral
0.0,0.0,0.0,0.0,,Neutral
0.0,0.0,0.0,0.0,,Neutral
0.0,0.0,0.0,0.0,,Neutral
0.045,0.873,0.082,0.8495,"Not sure how many people frequently use the digital touch heartbeat on their Apple Watch, but I wasn't one of them until a month ago. I bought my Apple Watch when it first came out, and my wife and I exchanged heartbeat messages maybe two or three times and then never used it again. Last month, my sister passed away from a rare form of cancer. While she was on her deathbed, my wife suggested taking her pulse with my Watch, just to see how she was doing internally. I gently rested the watch on her wrist, took the pulse, and, in the process, remembered the heartbeat feature. I sent her heartbeat to myself, so I could easily keep track of where it was. She passed away a few hours later. Today, whenever I need to feel as though she's with me, I just bring up that heartbeat and let it pulse. I wanted to share this with fellow Apple enthusiasts, as a use case I never thought about when I bought my watch, and one I hope you'll remember going forward if you're ever in a similar situation.

TL;DR my sister passed away and I use the digital touch heartbeat to keep her with me.

Edit: I had some people asking what kind of cancer (and others pointing out the potential to raise awareness), so I'll share it here. She had Small Cell Carcinoma of the Ovary Hypercalcemic. My family was told it affects 1% of women in the world, but I don't have the link to back that up. If you want to donate to something that helps people in her situation, consider [The Ballard House](https://www.theballardhouse.org) (They provided my sister with temporary housing while she was going through radiation treatments), or any cancer-fighting/support non-profit.",Positive
0.081,0.919,0.0,-0.6415,"So Apple fired the engineer who allowed his daughter to film and release a YouTube video about his iPhone X. The video was shot on Apple's campus.

Check the daugher's new video announcing the news https://www.youtube.com/watch?v=XQzGKwjr_js

Edit: The video with the iPhone X is available [here](https://www.reddit.com/r/apple/comments/78el4n/video_handson_space_grey_iphone_x_found_on/) or [here](https://youtu.be/RBeD8E2xxck?t=2m10s) unofficially on YouTube)",Negative
0.0,0.0,0.0,0.0,,Neutral
0.0,0.0,0.0,0.0,,Neutral
0.0,0.0,0.0,0.0,,Neutral
0.0,0.0,0.0,0.0,,Neutral
0.0,0.0,0.0,0.0,,Neutral
0.0,0.0,0.0,0.0,,Neutral
0.082,0.831,0.087,0.1849,"I recently had to get my iPhone X's screen replaced for the display touch issue and the ""Genius"" that set up the replacement gave me some sassy shit for my phone's rear glass looking like I took some sand paper to it and the fact my Stainless Steel black coating is coming off. She instantly said ""Well you should have had a case."" That's the same kinda crap that people here and other places say any time there is any kind of crap design choice Apple makes. It's down right infuriating to hear. The front glass of the iPhone X hasn't scratched at all from going in and out of my pocket. So they clearly CAN put glass on the back that would protect from that. The Apple Watch uses a higher grade coating on it's stainless steel which is why it won't begin to shed, or possibly never will. Me not using a case isn't an excuse when Apple already uses stronger methods on other products and sometimes on the same product. For a $1000 phone. 

I saw the same thing about BendGate and some people STILL refuse to admit that the phone's were structurally compromised. My 6 bend from just being in my front pocket. I replaced the rear case and that one ALSO bent. People gave shit to JerryRigEverything for showing how easily the new iPad Pro bent. I will agree that the iPad Pro is a bit more of an edge case but how easily some people are to just blame those that have issues for not using a case is just insane. These are $1000+ devices. They clearly know how to protect from these issues. Defending them like this every time something goes wrong won't convince them to fix it going forward.",Positive
0.0,0.0,0.0,0.0,,Neutral
0.0,0.0,0.0,0.0,,Neutral
0.0,0.0,0.0,0.0,,Neutral
0.0,0.0,0.0,0.0,,Neutral
0.0,0.0,0.0,0.0,,Neutral
0.0,0.0,0.0,0.0,,Neutral
0.0,0.0,0.0,0.0,,Neutral
0.0,0.0,0.0,0.0,,Neutral
0.118,0.785,0.097,-0.34,"I don’t like the financial death by thousand cuts that is subscriptions. 

Subscriptions make me feel like there are heaps of little things slowly eating away at my house (vines growing into the walls, clogged drains, bit of mould on the ceiling etc). They make me anxious.

Because everything on the App Store asks for a subscription, I just don’t go there anymore.",Negative
0.0,0.0,0.0,0.0,,Neutral
0.0,0.0,0.0,0.0,,Neutral
0.035,0.814,0.151,0.8693,"I have three iOS devices and all of them need to be backed up with iCloud. I just filled all 5GB with *just backups* - forget about Photo Sharing or iCloud Drive.

Why can't we get additional 5 or 10GB for every new device?

#Please

edit: Wow, this got way more controversial than I expected.

But I still think that 5GB per each active device is more than fair.

^appreciate ^the ^gold, ^don't ^think ^I ^deserve ^it ^ಠᴗಠ

^edit2: ^whaaaat? ^front ^page? ",Positive
0.104,0.785,0.11,-0.5162,"You need a dongle to use your iPhone 7 with your old earbuds. You can't charge your phone from your new MacBook Pro without a special USB-c/lightning cable. You need a dongle to plug just about anything in to the MacBook Pro. 

Technology is supposed to simplify your life and solve existing problems. Not cause more headaches. 

Apple is a complete mess right now. I have to play out usage scenarios with their new products. ""What if I got to bobs house and want to play some of my music on his stereo, I'll need to bring an adapter!""  ""What if im at work and I want to charge my phone through my laptop, better not forget the special cable!""

Wtf Apple? ",Negative
0.0,0.0,0.0,0.0,,Neutral
0.0,0.0,0.0,0.0,,Neutral
0.0,0.0,0.0,0.0,,Neutral
0.0,0.0,0.0,0.0,,Neutral
0.0,0.0,0.0,0.0,,Neutral
0.0,0.0,0.0,0.0,,Neutral
0.055,0.945,0.0,-0.5267,"* [Store link](https://www.apple.com/shop/buy-iphone/iphone-se)

Updating as we go...

#Specs

* A13 Bionic (iPhone 11/Pro)
* 4.7"" screen
* Available in Black, White, and RED
* TouchID 
* iPhone 8 body style
* Single 12-megapixel f/1.8 aperture Wide camera
* No specs on front camera, but it is portrait mode enabled
* No 3D Touch, Haptic Touch
* Qi Wireless Charging
* Pre-orders begin on the 17th, availability in stores on the 24th 
* Starts at $399 for 64GB, $449 for 128GB and $549 for 256GB

#Articles:

* [The Verge](https://www.theverge.com/2020/4/15/21221918/iphone-se-announcement-apple-price-specs-release-date-features)

* [Apple Newsroom](https://www.apple.com/newsroom/2020/04/iphone-se-a-powerful-new-smartphone-in-a-popular-design/)

* [MacRumos](https://www.macrumors.com/2020/04/15/iphone-se-2020/)",Negative
0.0,0.0,0.0,0.0,,Neutral
0.0,0.0,0.0,0.0,,Neutral
0.03,0.757,0.214,0.9996,"EDIT: Over! I'm totaling up the donations! Will update shortly!

Hey r/Apple!

I'm decently active in this community, but for those of you who I haven't said hi to, I'm an iOS app developer, I used to work at Apple and now for the last several years I've built [Apollo for Reddit](https://itunes.apple.com/app/id979274575), an awesome Reddit app for iOS that I built with the goal of ""what would it look like if Apple themselves built a Reddit app?"". 

### What's going on today?

Today it's my 27th birthday, and I want to raise a bunch of money for the SPCA Animal Shelter and a bunch of animals that are going through some rough times. Heck, I want to go a step further and break the all-time single day donation record. **So for today, 100% of Apollo's proceeds are going to the SPCA.**

If you buy literally anything in the app like Apollo Pro, I'll donate 100% of the proceeds to the SPCA, so it's a great day if you even have a passing interest in Apollo. If you already have unlocked things in Apollo, boy do I have a treat for you! A lot of people have been asking for an ""animals/pets"" style homescreen icon option for Apollo, and today I released a ""stealth update"" that has an all new SPCA themed icon commissioned by the absolutely incredible [David Lanham](https://dlanham.com/). It's so gorgeous, [I love how it turned out](https://i.imgur.com/rCm1Sfz.png). Not only today, but literally for every day forever, 100% of the proceeds for this will go to the SPCA. You get the icon, some wallpapers, and even an exclusive Apollo Community Pets Photo Album included. There's even another Easter egg if you unlock it. 

If you want to go the direct route instead (or in addition) that would be amazing too! I created a direct fundraiser page: https://www.canadahelps.org/en/pages/apollo-app-2020-spca-fundraiser/ This is doubly awesome if you have an employer who donation-matches to charities. Seriously, I know a lot of people are like ""hurr durr every dollar counts"" but no bullshit, it **really** does here. Think of the size of this community, 1.6 million people. If even a small percentage of them gave a single dollar we could make a massive difference. 

### What's an ""Apollo""? It's a different Reddit app?

If you're happy with the official app and have no idea what Apollo is, that's totally cool. I wasn't really perfectly happy with any of the iOS Reddit app offerings out there (especially with Alien Blue's passing). The official app in particular (while built by some insanely smart people whom I have a ton of respect for) I think tries to toe the line between a single experience across their Android and an iOS apps more than I like, so I really wanted to create an iOS-first Reddit experience that felt at home on iOS, built for speed, power features, and insanely great media consumption. It's free to download and use!

It's kinda like a car, you might be perfectly happy with yours and wonder what's the point of another car, but you might drive in another car and just find it more fun and comfortable to use. On top of this Apollo has some really slick custom gestures, a Jump Bar for quickly bouncing between subreddits, color-coded comments for easy navigation, a really powerful media viewer, Smart Portrait Lock, and it was voted the best Reddit app for iOS by [John Gruber of Daring Fireball](https://daringfireball.net/linked/2018/08/24/apollo) as well as [The Sweet Setup](https://thesweetsetup.com/apps/the-best-reddit-app-for-ios/), with over 2 million downloads and over 100K 5-star reviews.

### Why right now?

These warm months are dubbed ""[kitten season](https://spca.bc.ca/news/kitten-season/)"" by shelters, because it's the time of the year that all the cats like to give birth. So the shelters get a sudden massive influx of a ton of orphaned and surrendered (and sometime left to die) kittens and it massively drains their resouces like food. This is amplified by the COVID pandemic where a lot less people have been able to gets their pets neutered, and adoptions have lessened due to people staying inside. So it's a really, really hard time of the year and they (and the animals they're helping) are really in need of the help.

They're also special for me because it's where I rescued my two cats. Pet tax photo album: https://imgur.com/a/q9cL7t6

So yeah, if you enjoy my work at all, or like animals at all, or want me to have a good birthday, or just want some happiness in this otherwise crappy year, it would really mean the world to me if you could check out any of the above links and help out the shelter. The donation record for a single day [is $27,355 that we set last year](https://old.reddit.com/r/apple/comments/cg11x7/i_dont_even_know_how_to_title_this_typing_from/), but I really really want to beat it this year! I think with the combination of the new icon, Apollo having more users than ever, and the direct donation option, we can do it.

I'll of course keep you all posted once I find out how much Apollo raised by tomorrow! In the meantime I'd love to hang around and talk if you have any questions or insights or just want to share pet pics haha.

\- Christian

EDIT: Only a few hours left! When this post turns 24 hours old the donations will be totaled! If you're considering Apollo now is the perfect time! 9:30 AM PT is the time mark! Thank you so much everyone!

EDIT: Over! I'm totaling up the donations! Will update shortly!",Positive
0.0,0.0,0.0,0.0,,Neutral
0.0,0.0,0.0,0.0,,Neutral
0.044,0.867,0.089,0.2942,"Just checked the iPhones Xs and Xs Max “What’s in the box”, no adapter included. RIP.

Edit: Just to clarify, I am not complaining about this decision, I use AirPods myself and have never used the adapter since it came out. Was just sharing the news with people.",Positive
0.0,0.0,0.0,0.0,,Neutral
0.0,0.0,0.0,0.0,,Neutral
0.0,0.0,0.0,0.0,,Neutral
0.0,0.0,0.0,0.0,,Neutral
0.0,0.0,0.0,0.0,,Neutral
0.0,0.0,0.0,0.0,,Neutral
0.0,0.0,0.0,0.0,,Neutral
0.0,0.0,0.0,0.0,,Neutral
0.0,0.0,0.0,0.0,,Neutral
0.0,0.0,0.0,0.0,,Neutral
0.0,0.0,0.0,0.0,,Neutral
0.0,0.0,0.0,0.0,,Neutral
0.0,0.0,0.0,0.0,,Neutral
0.0,0.0,0.0,0.0,,Neutral
0.0,0.0,0.0,0.0,,Neutral
0.0,0.0,0.0,0.0,,Neutral
0.0,0.0,0.0,0.0,,Neutral
0.0,0.0,0.0,0.0,,Neutral
0.0,0.0,0.0,0.0,,Neutral
0.0,0.0,0.0,0.0,,Neutral
0.0,0.0,0.0,0.0,,Neutral
0.0,0.0,0.0,0.0,,Neutral
0.0,0.0,0.0,0.0,,Neutral
0.0,0.0,0.0,0.0,,Neutral
0.0,0.0,0.0,0.0,,Neutral
0.071,0.85,0.079,0.9838,"Today we will be tearing down a MacBook Pro keyboard to try and see if we can rule out dust as a possible cause.  Settle down, because this will be a bit of a long post. Hopefully you'll at least learn something from this.

***Disclaimer: This post is not meant to answer why keyboards fail. That is beyond me and I can only offer theories. My goal is only to disprove the idea that dust causes no-input and multi-input style failures.***

***My Background:***

* I've worked as an Apple Authorized Service Provider (AASP) Technician for the last 3 years.
* Before that, I use to work as a 3rd party Technician at an Apple-focused repair shop.

Because of this experience, I stand in an interesting position where I use to see all the shit Apple pulls in order to make 3rd party and DIY repair difficult, and now I sit in a position where I can see exactly how Apple deals with these issues and get a more-representative ideas of how the machine fails, how many fail, and exactly what the most common failures are. 

***History:*** 

Apple originally released the Butterfly-style keyboard back in 2015 with the release of the 12"" Macbook. Afterwards in 2016, this keyboard design was expanded to all Macbook Pros. The butterfly keyboard is different from a conventional rubber-dome keyboard that was used for 20+ years before that. It uses a metal dome that buckles under enough stress and makes contact between 2 metal terminals, and the keycap itself is held up with a butterfly-style henge rather than a traditional scissor hinge. Both are pictured further down.

***This entire experiment began with a thought: How could something as simple as dust kill the keyboard switch?***

My old 3rd party tech instincts say that this should not be possible, since there are billions of smartphones that use metal-dome style buttons that do not experience failures like this.

Apples official stance is that dust manages to somehow enter the keyboard and cause the issues. This can cause things like: 

* Keyboard keys feel sticky, crunchy, or are physically jammed.
* Keyboard does not input even though you pressed the key.
* Keyboard inputs the same character 2+ times even though you only pressed the button once.   [https://www.apple.com/support/keyboard-service-program-for-macbook-and-macbook-pro/](https://www.apple.com/support/keyboard-service-program-for-macbook-and-macbook-pro/)

Their official documentation also states that you can ""fix"" the issue by using compressed air to blow out the keys.     [https://support.apple.com/en-ca/HT205662](https://support.apple.com/en-ca/HT205662)

When it comes to failures, there's 3 schools of thought about how the switches fail:

* ""Dust"" Theory. This generally takes apples words at face value and don't go deep into it.
* ""Heat"" Theory. This assumes that Dust Theory is bullshit and assumes that overheating causes the material to expand and warp enough to render the buttons inoperable (2018 TouchBar models in particular).
* ""Shit Design"" Theory. This assumes and accepts that it's just awful design.      

You may have also seen articles like [https://www.digitaltrends.com/computing/macbook-pro-keyboard-failure-rate-double-older-models/](https://www.digitaltrends.com/computing/macbook-pro-keyboard-failure-rate-double-older-models/) that , relative to all repairs done in 2016/2017, the keyboard failure rate is in the low 10% range, but these should not be accepted at all since they do not take into account a number of things that critically invalidate these statistics as a whole:

* **They come from the words of AASP and Apple employees, which is a huge conflict of interest considering they have to sell these machines to make money.**
* **They do not take into account the number of repairs that were turned down due to the cost of the repair itself, which is around 500USD before the keyboard replacement program came into effect.**
* **They do not take into account the number of people that don't want to go to apple or cannot go to apple due to time constraints, especially since most countries do not offer over-the-phone mail-in repairs on Macs.**
* **They do not take into account the number of people who just avoid apple stores and AASP in general and instead go to local 3rd party repair stores.**
* **The keyboard program was introduced June 22, 2018, meaning that anyone before that date who does not have warranty was forced to pay 500USD for the replacement part, and most likely falls into the above. Notice how conveniently these statistics don't include numbers for 2018?**

From my experience as an Apple Technician, here are the most commonly reported problems at my store, in order of most to least common:

1. No-input, particularly from all vowel keys, most commonly used consonants, spacebar, enter, and shift.
2. Multi-input, particularly from all vowel keys, most commonly used consonants, spacebar, enter, and shift.
3. Sticky/Crunchy/Stuck keys.

As for demographic, the most common folks we see with these issues are:

* Writers or any kind (blog, scripts, office workers, etc).
* Students of all kinds.
* Programmers. 

With that said, here are a few things that were floating around in my head:

1. The first red flag about the dust hypothesis should be the failure types. Only 1/3 are related to physical objects actually preventing the keys from working. The other 2/3 are related to electricity, specifically whether the circuit in the switch itself is ""closed"" or ""open"". Open circuit means that the positive and negative terminals are not connected, which is the equivalent of a keyboard button that is not pressed. Closed circuit is the opposite. 
2. Second red flag is that human dust and household dust is classified as non-conductive. By itself, it does not have enough conductivity to meaningfully carry electricity, so the multi-input style failure should not be possible at all. The No-input failure can somewhat be explained with dust, since it can at as an insulator between 2 metal terminals, but keep reading and you'll see why this isn't the case. 
3. Third red flag should be specifically which keys fail. Spacebar, enter, shift, vowels, and the most common consonants are the most commonly pressed buttons whenever anyone types on their keyboard. Coincidentally, these buttons are the ones that are reported to fail the most.
4. Finally, the last red flag is the demographic. All of these are people who type a lot on the machines. While this one is highly anecdotal, most of my customers fall within this demographic.     

&amp;#x200B;

Enough rambling, on with the teardown!    

&amp;#x200B;

[https://i.imgur.com/5MRswJ6.jpg](https://i.imgur.com/5MRswJ6.jpg)

In front of me, I have what's referred to as a Top Case assembly. Its essentially the metal frame, battery, keyboard and trackpad, all shipped and prepared as one piece for Apple techs to swap out. This particular one came from a 2017 model MacBook Pro 13"", which rocks the 2nd generation of the Butterfly keyboard. This specific top case came from a machine that was ""liquid damaged by my drunk roommate"" so I have no issues tearing it apart for the greater good.

[https://i.imgur.com/dnwTzDO.jpg](https://i.imgur.com/dnwTzDO.jpg)

After removing the keycaps, here's what the keys actually look like underneath. Theres a few main parts here:

* The silver metal dome. Thats what actually teams the machine that a key is pressed. It makes contact between metal pads when it is pressed.
* Clear Plastic Housing around metal done. Its there to make sure the dome doesn't go anywhere and keeps it safe.
* Butterfly Mechanism. This is the white part all around the perimeter of the clear plastic body.

I included both larger and smaller sized keys just for demonstration purposes.

[https://i.imgur.com/VoRDuhG.mp4](https://i.imgur.com/VoRDuhG.mp4)

Butterfly Mechanism in action. This is actually a genius idea, since it eliminates individual moving parts in favour of a single Large one. Youtube creator Veritasium made a video talking about how flexible moving pieces have a lot more advantages over multi-piece hinges ([https://www.youtube.com/watch?v=97t7Xj\_iBv0](https://www.youtube.com/watch?v=97t7Xj_iBv0)).

[https://i.imgur.com/8zsuDFg.mp4](https://i.imgur.com/8zsuDFg.mp4)

Metal dome in action. This is what happens to the dome and butterfly mechanism when the key is pressed.

[https://i.imgur.com/SROBJRq.jpg](https://i.imgur.com/SROBJRq.jpg)

Here's an example of something that can cause the ""Sticky, Crunchy, or Stuck Keys"" problem. Having crumbs, or sticky liquids, or other gunk will cause your keys to feel weird, or to stop working. These are genuinely caused by crap getting stuck between the mechanism. Enough of these can definitely jam a key. The 3rd generation keyboards help negate this problem by adding a rubber piece around the perimeter of the butterfly mechanism in order to reduce ingress of larger bits into the mechanism.

[https://i.imgur.com/fauw47h.mp4](https://i.imgur.com/fauw47h.mp4)

Example of how a key can get jammed. That single large piece prevents the mechanism and switch from pressing down al the way.

[https://i.imgur.com/SogaaLg.mp4](https://i.imgur.com/SogaaLg.mp4)

Upon further inspection, we run into another blockade in the Dust theory, a see-through plastic barrier that encloses the entire switch.

The purpose of this barrier is both ingress-protection and to make sure the metal dome stays in its proper place, as you'll see later.

[https://i.imgur.com/N2YxJhs.mp4](https://i.imgur.com/N2YxJhs.mp4)

There is also this black tape-like material covering the top portion. After peeling it off, I discovered that this is where there is a little lip that overhangs the plastic housing. Most likely this is so that the domes can be replaced by the companies that refurbish all the old parts/devices apple sends to them.

[https://i.imgur.com/1KDJK2n.mp4](https://i.imgur.com/1KDJK2n.mp4)

It wasn't very hard to peel it off, but the plastic film was adhered to the plastic frame. Again, a huge dead-end forest theory since it physically cannot get in through this area.

[https://i.imgur.com/GqsUHrz.jpg](https://i.imgur.com/GqsUHrz.jpg)

A close-up of the film and the metal dome itself.

[https://i.imgur.com/6zVVFuY.mp4](https://i.imgur.com/6zVVFuY.mp4)

After examining the dome, I discovered that it is not at all soldered down into place, but rather it is free-floating within the plastic housing. Whether it makes a connection or not depends on how well its legs are contacting those gold pads in the corners.

[https://i.imgur.com/LAM75Lz.jpg](https://i.imgur.com/LAM75Lz.jpg)

Top side of the dome itself. The 4 outer legs are what make contact with the gold pads that are used to carry electrical signals. The dome itself appears to be Steel. It is also incredibly light, it's no wonder the film has to keep it down.

[https://i.imgur.com/ZBi4jau.jpg](https://i.imgur.com/ZBi4jau.jpg)

Bottom side. That brown part is not corrosion, that's just laser-cutting left-overs from when the dome is manufactured. I checked, all the metal dome have these marks.

[https://i.imgur.com/JmWD4DD.jpg](https://i.imgur.com/JmWD4DD.jpg)

Close-up of the plastic body around the metal dome. Here we see 6 gold pads. All 6 of those are for carrying electrical signals. There is also a large hole close to the oval-shaped gold pad. This is a ventilation hole.

Now, I know what you're thinking. Ventilation hole? Aha! That's where the dust gets in!

Hold your horses, we are far from done.

[https://i.imgur.com/o70lCgg.jpg](https://i.imgur.com/o70lCgg.jpg)

The plastic body takes a bit of effort to remove, thanks to the fact that it uses 4 plastic legs that are riveted to the underside of the board.

[https://i.imgur.com/tqLXY1c.jpg](https://i.imgur.com/tqLXY1c.jpg)

Once removed, we see that the entire plastic body is surrounded by an adhesive film with no obvious gaps in its seal. This is another dead-end for the dust-ingress theory, since the entire plastic body is sealed around the perimeter. For the sake of thoroughness, I tested the conductivity of all the gold pads; the 4 outer pads along with the oval-shaped one in the middle are all connected and act as a single end of the terminal, while the round central pad is a second terminal. Once these 2 are bridged by a conductive object, like a metal dome, they will register as a keypress.

[https://i.imgur.com/EHIkSsn.mp4](https://i.imgur.com/EHIkSsn.mp4)

Just to give you an idea, You can see my trying to fit my sharpest set of tweezers under the plastic body. At most it budged a bit to the side, but that's because adhesive is fairly flexible. It takes a fair bit of pressure to puncture that plastic film on top.

[https://i.imgur.com/WDD2C8b.jpg](https://i.imgur.com/WDD2C8b.jpg)

Out of curiosity, I also tore apart the thinner small keys to see what the mechanism looked like. It's the same thing, just a smaller version.

[https://i.imgur.com/tkg6RMH.jpg](https://i.imgur.com/tkg6RMH.jpg)

I attempted to test the ""Heat Failure"" theory with my heat-gun set to 300C and pointed directly at the metal dome. This was a beyond-extreme-case test to see if the key would warp and possibly make contact. 

Since MacBooks have god-awful cooling and will heat up to very hot temperatures in order to ensure that the machine stays as quiet as possible (which is a questionable method overall, [https://www.youtube.com/watch?v=947op8yKJRY](https://www.youtube.com/watch?v=947op8yKJRY) talks about it more), some people suspected that the expansion and contraction of material can cause these keys to stop working.

After leaving it under heat for 2 minutes, it did not move a millimetre. This theory is very unlikely since there are keys that fail that do not sit in the same area as the Processor cooler (which can reach 70-100C pretty easily on these models).

At this point, I finished tearing up the entire top-side of the keyboard, so I turned my attention to the underside.

[https://i.imgur.com/IZsaOvE.jpg](https://i.imgur.com/IZsaOvE.jpg)

The keyboard is covered by a large, layered film material. Based on its thickness, it is likely meant to serve several purposes:

1. As a heat insulator for the keyboard area.
2. As an insulator for electrical signals between the Motherboard and the metal frame/keyboard itself.
3. As a barrier to prevent dust and crumbs from interfering with operation.

&amp;#x200B;

[https://i.imgur.com/iEdRuZs.jpg](https://i.imgur.com/iEdRuZs.jpg)

After removing it, I found a small surprise. The keyboard itself sits on one giant PCB (Printed Circuit Board) and even has a fair bit of componentry on it! Quick google search showed that the 4 large chips on the right are for controlling the LED backlight, the pair of smaller chips in the middle are some sort of micro controllers (probably for the keyboard itself), and the components on the left are a mystery; I suspect they're the fan control/PWM (pulse width modulation) circuit for the fan, since the fan connects directly into the keyboard on all new models

[https://i.imgur.com/6Pm0Uqd.jpg](https://i.imgur.com/6Pm0Uqd.jpg)

Whats this? A dust filter? In *my* friendly christian teardown? Dust filter indeed. This is one of the finest filters I've seen in years! (pun intended).

After looking at it, it turns out that this dust filter is used for the breathing hole that was pictured in the Switch teardown further up the post.

Another dead-end for the Dust Theory, since the breather hole itself is covered by a *very* fine mesh.

[https://i.imgur.com/hycxJcR.jpg](https://i.imgur.com/hycxJcR.jpg)

Here's the tip of a 0.5mm ballot pen for size reference. Most dust and all hairs will not be able to fit between this mesh, which only further solidifies the dismissal of the Dust Theory.

[https://i.imgur.com/rVfLEkF.jpg](https://i.imgur.com/rVfLEkF.jpg)

This is the closest shot of the mesh that I can get. This is with 10x Macro lens + iPhone camera at full zoom. Pen marks for size reference.

[https://i.imgur.com/hjIboNB.mp4](https://i.imgur.com/hjIboNB.mp4)

Here's a short clip of the alignment of the dust filter with the breather hole along with visible movement from the underside of the metal dome and butterfly mechanism.

[https://i.imgur.com/4rtoCUP.jpg](https://i.imgur.com/4rtoCUP.jpg)

After looking closer at the protective keyboard insulator bit, I noticed that the entire mesh portion is surrounded by an adhesive-material, with absolutely 0 gaps around the hole. This basically puts a dead-end to the last possible entry point for dust, since this entire breather hole is not only sealed by adhesives on both top and bottom, but also a clear film on top side and an extremely fine mesh on the bottom of the switch.

At this point, there should be little reason to believe that dust can get in there, since every possible vector of attack is throughly sealed and/or protected.

Contrary to popular belief, Apple actually took *a lot* of effort sealing these switches from the elements.

[https://i.imgur.com/9pmrI0A.jpg](https://i.imgur.com/9pmrI0A.jpg)

I found some household dust and threw it on the mesh. As you can see, the mesh is not having trouble stopping these tiny bits.

[https://i.imgur.com/j32hfyl.mp4](https://i.imgur.com/j32hfyl.mp4)

And finally, here is a demonstration of what happens when the key is assembled and pressed under the most extreme of dusty conditions. I threw literally an entire pile of dust on that breather hole.

Since these switches are pretty much sealed from all angles other than this breather hole, this is where all the air can freely move in the switch. Once assembled, the design of the switch actually very closely resembles that of a conventional speaker, which deals with air pressure inside its sealed chamber by allowing the air to freely enter and exit its port hole.           Once the key is pressed, there is a higher air pressure created between the PCB and metal dome. Since this pressure needs to go somewhere to prevent rupturing the plastic film, all of it immediately gets pushed out of this single vent.       Any dust that has accumulated on this opening will immediately be ejected from the mesh filter. Bear in mind that the laptop would technically be upside-down if you viewed it from this angle. In reality, the dust would actually fall to the underside of the Logic board, which sits in very close proximity to this breather hole.

Excuse the shit quality, I had to heavily compress and alter the vids quality to make it fit into an upload able GIF.

[https://i.imgur.com/i6a1KWK.jpg](https://i.imgur.com/i6a1KWK.jpg)

See that rivet? There are close to 70 of these holding the keyboard into place, along with a battery that's glued in on-top of the bottom portion. You want DIY repairs? Good luck with that. This is why Apple ships these as a ""Top Case Assembly"" rather than ""Keyboard"".At this point, there is no evidence left at all that dust is the cause of failures for this switch, especially not for the Double-Input issue since that entirely relies on how long and how many electrical signals are detected by the keyboard controller. There is absolutely no reason why dust or humidity can cause this, especially with no easy entry points and the general lack of electrical conductivity of both dust and water.

The No-Input issue can still somewhat be explained by a few other theories (Humidity, or oxidation of the underside of the dome), but both these theories still have a lot of holes (breather hole pushes humidity out when key is pressed, gold contacts do not oxidize on their own, corroded material will get slightly worn off when one and pads make repeated contact with dome, the amount of dust and water needed to cause these situations is fairly high, etc).

 

***Why is this teardown so important***\*\*\*?\*\*\*

&amp;#x200B;

It proves that Apple themselves have no idea how to deal with the issue and that dust was either just an excuse to satisfy their customer bases demand for an answer, or their engineers are genuinely nowhere near as smart as everyone thinks they are. I'm not sure which of these two is worse. Considering they've had *4 years to deal with it*, i'm leaning more towards the latter.

The way Apple is handling this problem is actually far from good. People think that its nice of them to have a repair program for the issue, but this is actually just a shitty half-assed bandaid fix for the problem. As it stands, the current situation is as follows:

* **All** 12"" MacBooks + 2018 Air + all 2016-2018 Pro models **most likely** **will eventually develop keyboard issues, its a matter of time.**
* **All 2016/2017 pros (and 12"" 2015-2017) have the extended keyboard warranty program.** *This program covers these units for 4 years from original purchase date*, meaning that 2016 models coverage ends around 2020/2021, depending on exact purchase date, and 2017 models coverage ends around 2021/2022. **2015 12"" Macbook coverage is ending between this year and next year, so 2015 12"" owners be prepared!**
* ***2018 models are not covered by this program!*** Currently, they rely entirely on their warranty or consumer protection laws, meaning that if you didn't purchase AppleCare or live on a country where Consumer Protection laws suck, you'll only get support for 1 year out of the box.          

For any of the above, once your warranty or keyboard program coverage ends, it's **$500 USD per failure** to replace the entire top case. There is no ""cheaper"" aftermarket solution, the keyboards themselves are a nightmare to replace and the aftermarket parts are even more likely to fail. **Replacing the part will not permanently fix the issue either since Apple only replaces it with identical parts**, meaning they're bound to fail again. On top of that, **all machines will be classified as vintage 5 years after their original purchase date**. Once that happens, spare parts from apple go bye bye for good and you'll be left only with the cheaper aftermarket parts that are usually more prone to failure, or be stuck buying used parts which are also failure-prone. While the possibility of a Vintage Repair Program is high, the stock for that item will run out quickly, since most 2012/2013 Retinas already are running low on LCD stock to cover Anti-glare issue.

*Ownership beyond 3-4 years fo these models is pretty much a gamble at best, and ownership for 2018 models without AppleCare is even more of a gamble since there's no repair program support for them and there is 0 guarantee that these models will be added to that keyboard replacement program at all.*

As for what the actual cause is, honestly I don't know. My suspicion is that the metal dome experiences metal fatigue and slowly begin to lose connection, or that that little U-shaped cutout in the centre of the dome weakens and starts to easily bounce when pressed, making contact 2+ times. I honestly cannot test this at home, my equipment is woefully inadequate to go that deep.

Macbook owners, please beware. Always have AppleCare, even if paying extra to cover a flaw that should be properly dealt with is morally questionable and a shitty thing to do. Right now is not a good time to be a Macbook owner or buyer, and please consider whether or not you wish to financially support a company that pulls stunts like these.

&amp;#x200B;

This law firm is setting up a class action if anybody wants to join: [https://www.research.net/r/MacKeyboard](https://www.research.net/r/MacKeyboard)

&amp;#x200B;

Edit:After reading through a lot of comments, stories, criticisms, and other possible brain-storming ideas, I an definitely considering making a part 2 with different tests. If i am in a position where i can gather testing equipment for relatively cheap, i will probably start work on it then.",Positive
0.0,0.0,0.0,0.0,,Neutral
0.0,0.0,0.0,0.0,,Neutral
0.0,0.0,0.0,0.0,,Neutral
0.0,0.0,0.0,0.0,,Neutral
0.0,0.0,0.0,0.0,,Neutral
0.0,0.0,0.0,0.0,,Neutral
0.0,0.0,0.0,0.0,,Neutral
0.0,0.0,0.0,0.0,,Neutral
0.0,0.0,0.0,0.0,,Neutral
0.0,0.0,0.0,0.0,,Neutral
0.0,0.0,0.0,0.0,,Neutral
0.0,0.0,0.0,0.0,,Neutral
0.0,0.0,0.0,0.0,,Neutral
0.033,0.86,0.107,0.8948,"I had no idea you could do this and it makes it so much easier to move stuff around! 

I hope this makes sense

Edit: apparently works on iOS 11+

App Hack 2: Also if you move an app tap on other icons with another finger and you can move multiple apps together!

App Hack 3: Also if you want to move an app into a folder, move the app away from its original spot (keep finger held down) and tap that folder 

App Hack 4: You can select your app and then click on the dot of the screen you want to move it to.

Also a note for the people complaining about my use of hack: live and let live 

Dictionary app: 
Informal. to make use of a tip, trick, or efficient method for doing or managing (something): to hack a classic recipe; to hack your weekend with healthy habits.",Positive
0.0,0.0,0.0,0.0,,Neutral
0.0,0.0,0.0,0.0,,Neutral
0.0,0.0,0.0,0.0,,Neutral
0.0,0.0,0.0,0.0,,Neutral
0.0,0.0,0.0,0.0,,Neutral
0.0,0.854,0.146,0.8126,"I love using my phone in bed, so my rotation is usually locked so it doesn’t change to landscape on everything. It would be good if iOS could see which way you’re viewing your screen from so it stoped rotating if you’re laying down. Not a big deal but a good quality of life fix. ",Positive
0.0,0.0,0.0,0.0,,Neutral
0.085,0.791,0.124,0.993,"**MEGA EDIT:** Please read before asking questions, as most things people asking me are repeats:

**Q:** Can't you just distribute the extension yourself?

**A:** I already do. However, it seems from Apple's email to all Safari extension developers that we must pay to continue supporting our extensions and providing updates. A couple of users have linked to articles that give confusing information about whether or not this is really the case. [here is one of them](http://www.cio.com/article/2933693/apple-now-charges-safari-extension-developers-for-distribution.html), which confusingly states that the developer of a popular extension will pay the fee ""to ensure that his extension will still be available for El Capitan users.""

From [another article](http://www.pcworld.com/article/2933692/apple-now-charges-safari-extension-developers-for-distribution.html), it seems that perhaps I could still ""release"" RES on my own without paying apple - but auto update functionality would go away. This is pretty much a dealbreaker for any browser extension that interacts with a website, as websites change somewhat often, and a developer definitely can't count on people to update their extensions manually.

If in fact this is all a result of a poorly worded email, then I will be thrilled that all Apple is ""guilty of"" here is doing a crappy job with the email they sent me. Here's the relevant text of Apple's email to me which leads me to believe I must pay the fee to continue giving people updates to RES:

&gt; You can continue building Safari extensions and bring your creativity to other Apple platforms by joining the Apple Developer Program. Join today to provide updates to your current extensions, build new extensions, and submit your extensions to the new Safari Extensions Gallery for OS X El Capitan.

(joining the program is what costs $100 per year)

---

**Q:** It's to keep spammers out, idiot.

**A:** That's not really a question. Also, there's no real evidence that that's why they're doing this. Furthermore, it's worth way more than $100 to get malware/spam installed into many users' browsers. $100 isn't much of a deterrent. I don't think that's really the reason. It seems the real reason is just that they've consolidated their 3 separate developer programs (iOS / OSX / Safari Extensions) for simplicity's sake, but not properly thought about how that might upset / affect people who were only interested in building Safari Extensions (which was previously free) and not the other two.

---

**Q:** You can't come up with $100? What are you poor or something?

**A:** I'm far less concerned about my own ability to come up with $100 than I am about developers in general being shut out from the system over this. Not everyone has the user base that RES has.  

---

**Q:** But you get a lot of stuff for that $100 per year. What are you complaining about?

**A:** Safari (on Desktop) is a browser with just 5% market share, and paying $100 just to build extensions for it doesn't seem wise, especially when people expect extensions to be free.  Apple announced Swift was open source, and then makes this move that I feel hurts open source developers.  Sure, the iOS SDK and Xcode are great, and probably worth $100 -- but only to people who are going to develop iOS or OSX applications. I'm not, so those have no value to me.

---

**Q:** Why do you think Apple is doing this? Do you really think they're trying to hurt extension devs?

**A:** I honestly think they just didn't think about it too much. I think they made a business decision to consolidate their developer programs - one that generally makes sense - and it didn't occur to them that people who are *only* developing extensions might be upset about this.  That, or the articles above are correct and the email I got was just misleading / poorly written.

---

**Q:** If I give you $100 does this problem go away?

**A:** My goal here, although I very much appreciate people's generous offers to help pay for it, is to raise awareness and hopefully get more open source developers to [**politely** provide feedback to Apple](https://developer.apple.com/contact/) that this policy is not OK.  Sure I could pay for it with donations you guys give me - but then other open source developers who haven't yet gained a following that will help pay are still walled out by this $100 fee.

If you're not a developer but still want to give *polite* feedback from the perspective of a user, [here's the general safari feedback page](https://www.apple.com/feedback/safari.html) 


The original post:

-----

So it used to be free to be a part of the Safari developer program. That's being folded into Apple's dev program now, and I'm required to pay $100 to join if I want to continue publishing Reddit Enhancement Suite - which is free.

$100 would be several months worth of donations, on many/most months, and only to support less than 1% of RES users (as in, Safari makes somewhere around 1%).

Not only is the cost an annoyance, I also don't feel Apple deserves $100 from me just so I can have the privilege of continuing to publish *free* software that enhances its browsers.  They're not providing a value add here (e.g. the iOS SDK, etc) that justifies charging us money.  

To be clear: RES isn't published on their extension gallery, so the $100 being allocated to their ""review process"" isn't really valid either. In addition, spammers / malicious extension developers have a lot more than $100 to gain from publishing scammy apps.  My Safari developer certificate is already linked / provided through my iTunes account ID (and therefore credit card etc), so it's not like the $100 gets them ""more confirmation"" that I am who I say I am.

I don't know what I'm going to do yet, but worst case scenario I will try my best to get one more release out before the deadline screws me (and therefore you, if you use Safari/RES) over.",Positive
0.0,0.0,0.0,0.0,,Neutral
0.128,0.795,0.077,-0.9256,"Let me start of by saying I love my iPhone, but Siri leaves so much to be desired. For a company that touts having polished products and services, Siri fails to meet that level, and it is embarrassing. Google Assistant and Alexa run laps around her. There’s so many issues, from basic voice recognition and understanding what I’m saying to it not being able to do even a third of what rival voice assistants can do. She does nothing particularly well. I find myself visibly frustrated with her screwing up  basic core commands or not understanding basic sentences. She can’t even execute core functions adequately. Today, I asked her to remind me to get a COVID booster Friday, and instead of putting a reminder down for that, she pulls up web results for COVID boosters. I had a Galaxy Note 9 for a while, and Google Assistant puts Siri to shame and it’s the one thing I do miss from my brief flirtation with android. 

Apple needs to fix Siri. This is not a quality product and it honestly doesn’t meet Apple’s reputation of polish and quality. Siri sucks. Flat out. She does not meet the level of quality Apple has staked it’s reputation on. If this company is serious about making a play into the smart home with HomePod and other third party accessories that are being shipped with Siri, then Siri MUST be fixed, or Apple will fail in making itself a player in the smarthome arena. The fact that Siri was a pioneer in the Voice Assistant arena, and then was allowed to languish and be lapped by rivals is unacceptable.",Negative
0.0,0.0,0.0,0.0,,Neutral
0.0,0.0,0.0,0.0,,Neutral
0.0,0.0,0.0,0.0,,Neutral
0.0,0.0,0.0,0.0,,Neutral
0.0,0.0,0.0,0.0,,Neutral
0.0,0.0,0.0,0.0,,Neutral
0.0,0.0,0.0,0.0,,Neutral
0.0,0.0,0.0,0.0,,Neutral
0.0,0.0,0.0,0.0,,Neutral
0.0,0.0,0.0,0.0,,Neutral
0.0,0.0,0.0,0.0,,Neutral
0.0,0.0,0.0,0.0,,Neutral
0.0,0.909,0.091,0.743,"MagSafe was originally designed for laptops so that if someone tripped on the power cable, the cable would detach safely and not pull the laptop down with it. 

If someone trips on the new iPhone 12 MagSafe cable, it’s going to bring the phone down with it. Also the MagSafe cable is too short to be able to use the phone comfortably while it’s connected. 

Stick to a regular Qi charger if you want wireless charging, people.",Positive
0.0,0.0,0.0,0.0,,Neutral
0.0,0.0,0.0,0.0,,Neutral
0.0,0.0,0.0,0.0,,Neutral
0.0,0.0,0.0,0.0,,Neutral
0.0,0.0,0.0,0.0,,Neutral
0.0,0.0,0.0,0.0,,Neutral
0.0,0.0,0.0,0.0,,Neutral
0.0,0.0,0.0,0.0,,Neutral
0.0,0.0,0.0,0.0,,Neutral
0.0,0.0,0.0,0.0,,Neutral
0.0,0.0,0.0,0.0,,Neutral
0.0,0.0,0.0,0.0,,Neutral
0.0,0.0,0.0,0.0,,Neutral
0.0,0.0,0.0,0.0,,Neutral
0.034,0.827,0.14,0.9531,"Dear Apple people - how do you feel about this proposition to Apple? I just threw away another beautiful box and I’m just tired of such waste just for a brief sensory unboxing experience. Maybe let’s request an option? I bet we could start a movement with this. Let me know what you all think 

Dear Apple,

We love your design and appreciate the care, attention, and time that goes into designing your packaging. It is an orchestra of sensory experience and is forever tied to the Apple brand. 

BUT, at the end of the day, we  pay extra for that beautiful packaging that most of us “recycle” after taking out our shiny new device.  

A proposal: give Us an option of: fancy packaging -OR- green/minimal packaging (or even the option to give the packaging right back to you to reuse for someone else). What do you say? #GreenApple

Sincerely,
Us",Positive
0.0,0.0,0.0,0.0,,Neutral
0.08,0.873,0.047,-0.8095,"I’m curious as to how often you guys experience these bugs because they are honestly infuriating and remind me of having an android. 

First annoying bug which happens way too often, when i answer a phone call, i cannot head the other person and they can not hear me. When this bug starts happening, it doesn’t fix until i reset my phone. another part of this bug is whenever i try to make a phone call, it will not ring. and when i try to adjust the volume on the phone call the volume slider does not show up. very annoying especially since i can’t just try making the phone call again, i have to restart 

another very annoying bug is, half the time, more often than not actually, the music won’t show up on the lock screen, preventing me from changing the volume anywhere outside of the actual app playing the media, wether it be the podcast app, soundcloud, spotify, etc. this one sometimes fixes without me resetting my phone but i usually have to reset for this to fix 

the last most universal bug is my phone will freeze up like crazy so many times through out the day, for a couple minutes at a time and seemingly randomly. very annoying. 

how common are all three of these issues for anyone else? the freezing one i guess i can kind of forgive but the other two drive me absolutely crazy, especially considering i have an iphone 7 plus 

",Negative
0.0,0.0,0.0,0.0,,Neutral
0.098,0.776,0.126,0.3182,"Seriously though, I feel like this is a design change that’s going to take a month or two to break the habit of.

Has anyone else had trouble adjusting to this change or has it been pretty seemless of a transition for you?",Positive
0.0,0.0,0.0,0.0,,Neutral
0.0,0.0,0.0,0.0,,Neutral
0.0,0.0,0.0,0.0,,Neutral
0.0,0.0,0.0,0.0,,Neutral
0.0,0.0,0.0,0.0,,Neutral
0.0,0.0,0.0,0.0,,Neutral
0.0,0.0,0.0,0.0,,Neutral
0.0,0.0,0.0,0.0,,Neutral
0.0,0.0,0.0,0.0,,Neutral
0.0,0.0,0.0,0.0,,Neutral
0.0,0.0,0.0,0.0,,Neutral
0.0,0.0,0.0,0.0,,Neutral
0.0,0.0,0.0,0.0,,Neutral
0.016,0.843,0.142,0.8881,"When iOS 12 came out I limited my 7-year old son’s screen time through the family share. For a few days I felt like he was playing a bit more than he should, but I couldn’t figure out why.

Finally today, my son revealed his hack: When he runs out of screen time and his games get locked, he heads to App Store, downloads a previously installed (but later removed) game through the cloud icon, and it works without limitations! What can I say.. I’m not even mad. That’s impressive. ",Positive
0.0,0.0,0.0,0.0,,Neutral
0.0,0.0,0.0,0.0,,Neutral
0.0,0.0,0.0,0.0,,Neutral
