Title,Upvotes,Flair,Num_Comments,Awards,Created_UTC,Post_ID
"[Charania] BREAKING: The Dallas Mavericks are trading Luka Doncic, Maxi Kleber and Markieff Morris to the Los Angeles Lakers for Anthony Davis, Max Christie and a 2029 first-round pick, sources tell ESPN. Three-team deal that includes Utah.",68819,,16822,,1738473285.0,1ifpz94
"ANNOUNCEMENT: r/nba will no longer permit links to Twitter, Facebook, Instagram and Threads",65970,Announcement,5120,,1737577429.0,1i7kyff
"Jerami Grant recognizes a fan who visits from Japan every year, and takes a selfie with her.",55696,,1060,,1735925946.0,1hss2bn
[Highlight] Tyrese Haliburton puts the Pacers up 1 in the first game of the finals with 0.3 left vs the Thunder!,55403,Highlight,3427,,1749179098.0,1l4i33s
[Highlight] LeBron James decides to stop passing and goes for the vintage dunk,54303,Highlight,1765,,1736297129.0,1hw70t6
"Tristan Thompson and Kevin Love, former teammates on the Cavaliers, shared a moment pre-game after Love announced yesterday that his father, Stan, had passed away",41535,,755,,1745891705.0,1kacq7o
[Highlight] Draymond Green with the double arm hook suplex,41034,Highlight,2290,,1735181657.0,1hmf92e
Luka Doncic crying watching his video tribute in Dallas,40304,,1804,,1744242153.0,1jvk8n3
[Highlight] Haliburton hits the buzzer beater! (2-pointer on review),36550,Highlight,2581,,1747882385.0,1ksgd7w
[Highlight] Nikola Jokic with an easy three-point look,36373,Highlight,1180,,1737690794.0,1i8mo13
[Highlight] Giddey wins it from half court!,36333,Highlight,2247,,1743129357.0,1jlkxj9
"Gregg Popovich: ""I'm no longer a coach. I'm El Jefe.""",35543,,1001,,1746463224.0,1kfg9ax
Should r/nba ban twitter links,35162,,3148,,1737471793.0,1i6kjdj
"Lebron James on Instagram after Mavs owner Patrick Dumont’s comments on Luka come to light: “When a clown moves into a palace, he doesn’t become a king. The palace becomes a circus”",34243,,1565,,1739136386.0,1ilposm
"Michelle Obama cooks ESPN: ""If I watch ESPN for an hour it's like watching The Real Housewives of Atlanta. It's the same drama, they're yelling at each other, they don't get along. Stephen A. Smith would be a great Real Housewife. What's the difference? It's just drama.""",33830,,1353,,1754151041.0,1mfucgc
Stephen A. Smith playing solitaire during Game 4 of the NBA Finals,33491,,1317,,1749871603.0,1laywoe
Luka Dončić’s goodbye letter to the Dallas Mavericks and their fans:,33391,,3093,,1738536919.0,1iga84o
[Highlight] Tyrese Haliburton misses the free throw but gets the rebound and hits the triple to put the Pacers up 1 vs the Cavaliers and win the game!,33036,Highlight,2343,,1746582464.0,1kglt6w
[Highlight] LeBron comes out of nowhere to help un-wedge a poor kid's ball,32985,Highlight,801,,1743824018.0,1jruf06
"Jokic, who was questionable tonight with an ankle injury, becomes the first player with 30 pts, 20 reb, 20 ast in a game in NBA history",32776,,2048,,1741412579.0,1j6afil
[Highlight] Gordon throws down Jokic's miss right at the buzzer for the win!,32446,Highlight,1876,,1745714705.0,1k8rooc
"[Highlight] Pelicans Baby Race ends with one of the most dominant performances of all time, with baby #11 finishing before others even got off the line.",31918,Highlight,1069,,1740426721.0,1ixb5eu
"Becca (main Mavericks social medias admin) posted her own farewell video to Luka, which was well received by the fans. A couple of hours later she deleted it and went private.",31536,,1528,,1739584924.0,1ipr2xs
[Highlight] Aaron Gordon with the game-winner 3-pointer to beat OKC in game!,31352,Highlight,2001,,1746505611.0,1kfvyhp
Baby blatantly cheats by taking her first ever steps to win the Las Vegas Aces baby crawl race,30940,,1069,,1754239694.0,1mgo1rl
THE LOS ANGELES LAKERS HAVE BEEN ELIMINATED FROM CHAMPIONSHIP CONTENTION,30600,,3356,,1746075228.0,1kc0odj
"[Charania] BREAKING: Gregg Popovich will no longer be Head Coach of the San Antonio Spurs and is transitioning full-time to Team President, sources told ESPN. The iconic Popovich is a Basketball Hall of Famer, the NBA’s all-time winningest coach, and led the Spurs to five championships.",30507,,1343,,1746200887.0,1kd4a65
"Lakers coach JJ Redick with a lot of perspective on losing his rental home in Pacific Palisades: “I don’t want people to feel sorry for me and my family. We’re gonna be alright. There are people that, because of some political issues and some insurance issues, are not gonna be alright.”",30339,,1740,,1736542501.0,1hyepof
Tyrese Haliburton is on crutches as he greets his teammates in the tunnel following the Game 7 loss,30267,,1256,,1750647277.0,1li5tww
Luka’s face when he sees Bron on the fast break,30238,,886,,1739257400.0,1imsvn6
"[Charania] Breaking: Dallas Mavericks All-Star Kyrie Irving has suffered a season-ending torn ACL in his left knee, sources tell ESPN",29851,,3877,,1741103569.0,1j3dv7q
I'm tired of the homophobia expressed towards Karl Anthony Towns,29298,,4219,,1748113494.0,1kuj7qu
Luka Doncic-“I thought I was gonna stay my whole career there. Loyalty is a big word for me… But I got the ocean here. I get to play for the Lakers. Not many get to say that.”,29275,,2207,,1738691389.0,1ihnng2
CP3 and Wemby disqualified after trying to hack the NBA Skills Challenge,28298,,2189,,1739669596.0,1iqh2f7
"One by one, every Mavericks player and staff comes to congratulate and hug Luka Doncic.",28295,,853,,1740547966.0,1iygccf
"The Luka Dončić Foundation is donating $500,000 towards the wildfire relief efforts in LA. Also promises to help “rebuild courts, playgrounds and fields that were destroyed, because every kid needs a safe place to play.”",27892,,661,,1739209564.0,1imc2th
[Highlight] Pascal Siakam during the Pacers pregame huddle,27281,Highlight,906,,1750384590.0,1lfs8pg
[Highlight] Trae Young from half-court for the WIN,26802,Highlight,987,,1736310669.0,1hwbgae
Reggie Miller hugs a crying T.J. McConnell in the tunnel. Left it all out there.,26783,,1003,,1750647619.0,1li5xtj
"Great work, Adam Silver. You replaced one shitty All-Star game with a ton of ads with three shitty All-Star games that a ton more ads. 35 minutes of game play in 3 hours of ""All-Star night"". And the NBA wonders why fans aren't engaged with the All-Star game.",26668,,1589,,1739765002.0,1irb4ln
The Dallas Mavericks are now down to a historically low 7 healthy players after Dwight Powell and Kessler Edwards collided and went to the locker room. Naji Marshall is the only player taller than 6'6. Nico Harrison is visibly frustrated.,26386,,2041,,1741555863.0,1j7i8u9
[Highlight] Cason Wallace holds TJ McConnell’s wrist as ref watches on,26285,Highlight,2319,,1750646150.0,1li5h8y
"[Oscar Robertson on Draymond saying NBA games are boring] ""Draymond says so much, I mean who cares what he says....it might be boring to him because if he's not passing the ball to Curry, what is he doing?""",26169,,1340,,1739762822.0,1irah5i
"[Highlight] Ben Simmons is wide-open under the basket, decides to go for a layup and smokes it",26098,Highlight,1904,,1732323110.0,1gxnc8s
"[Highlight] Joe's wife, Renae, and their 3 kids are in town. Last week, their son Jacob, who is autistic, made it through his first ever NBA game in-arena. But Joe didn't play... Tonight, Chris Finch started Ingles to make sure Jacob could see his dad play",25745,Highlight,419,,1742605543.0,1jgwqoo
[Highlight] Ja Morant puts his hand up because he didn't want to be on camera so TNT just switches the camera and angle,25697,Highlight,850,,1745697526.0,1k8lqan
[Poe] No freaking way. The Dallas Mavericks land the No. 1 pick in the draft.,25655,,5686,,1747092326.0,1kl78n6
"The second the NBA decided they were going to let Kevin Hart make fun of players while they play and stop a game to honor a TV commentating crew, the players got mad and decided it was all a joke.",25395,,2216,,1739766748.0,1irbn0x
Pacers fans at the Indianapolis International Airport react to Tyrese Haliburton’s game-winning shot in Game 1 of the NBA Finals,25194,,897,,1749235516.0,1l5053z
"[Charania] BREAKING: The Phoenix Suns are trading two-time NBA Finals MVP Kevin Durant to the Houston Rockets for Jalen Green, Dillon Brooks, the No. 10 pick in the 2025 draft and five second-round picks, sources tell ESPN.",24958,,3884,,1750610397.0,1lhsabd
[Injury] Haliburton suffers painful non-contact leg injury,24958,,3113,,1750638351.0,1li2z5p
Fitness Model Luka Doncic pulls up to Dyckman Park in NYC and nails a trick shot from the stands,24572,,817,,1753836394.0,1mcsp13
"[Shawn McFarland] ""Three dudes brought a coffin to American Airlines Center. They’re playing “See You Again.”""",24452,,763,,1738527627.0,1ig6l4f
"[Highlight] Russell Westbrook gets the steal and slams it home, picking up a technical foul for hanging on the rim. He chants to the crowd ""SEND THEIR ASS HOME!""",24380,Highlight,1104,,1746323037.0,1ke8ny7
"LeBron: ""Why do you wanna be the face of the league when all the people that cover our game and talk about our game on a day to day basis shit on everybody?""",23974,,2125,,1740726142.0,1j01wqs
THE BOSTON CELTICS HAVE BEEN ELIMINATED FROM CHAMPIONSHIP CONTENTION,23715,,2148,,1747449335.0,1koijl5
[Highlight] Andrew Wiggins LOB JAM FOR THE GAME WINNER!,23672,Highlight,1054,,1762832279.0,1otz4rp
[Kramer] Tyrese Haliburton makes an incredible statement following his surgery today:,23437,,1306,,1750734864.0,1lj0iif
THE DALLAS MAVERICKS HAVE BEEN ELIMINATED FROM THE 2025 NBA CHAMPIONSHIP CONTENTION,23238,,1695,,1745035500.0,1k2nr7a
[Highlight] Nikola Jokic gets his triple double with this insane no look behind the head pass to Aaron Gordon 🃏,23184,Highlight,786,,1737168462.0,1i3xv1m
"[Charania] BREAKING: The New York Knicks are relieving Tom Thibodeau of his duties as head coach, sources tell ESPN. Thibodeau led the Knicks to their first East Finals in 25 years, made playoffs in 4 of 5 years and led Knicks to consecutive 50+ win seasons for first time since the 1990s.",22989,,3608,,1748976036.0,1l2ju8g
"Dwight Howard: ""When I played for the Houston Rockets, I tweeted 'Free Palestine' and I almost got kicked out of the league for it... Less than 10 minutes later, I got a call from the NBA commissioner, agents, people in my foundation, and even folks from Texas, telling me to take it down""",22927,,2971,,1736313193.0,1hwc6zf
"[Charania] BREAKING: The Denver Nuggets have fired coach Michael Malone, sources tell ESPN.",22857,,4082,,1744133296.0,1juj9jc
[Highlight] Curry ends the half in vintage fashion,22844,Highlight,1109,,1741311564.0,1j5c3vz
"[Charania] Portland Trail Blazers coach Chauncey Billups has been arrested by the FBI for alleged illegal gambling, sources tell ESPN.",22812,,3368,,1761222778.0,1oe21ca
Paul Pierce begins his long walk to the studio in his robe because of the Celtics loss. His latest update he said he was 4 miles in (1.5 hours of walking).,22631,,1316,,1746717028.0,1khshyd
[Highlight] Fan does LeBron Chalk toss. Garland think it’s corny. Fan makes half court shot.,22570,Highlight,1410,,1740425349.0,1ixal1f
"Down 15, Anthony Davis airballs a three, walks gingerly to the bench, Nico Harrison reacts",22322,,1924,,1745034364.0,1k2nfje
[Highlight] Luka finds Reaves behind his head for 3-pointer,22316,Highlight,734,,1740541986.0,1iyel6a
"[Charania] BREAKING: Boston Celtics All-NBA star Jayson Tatum underwent surgery to repair a torn right Achilles tendon. Catastrophic season-ending injury for one of the NBA's young faces and the Celtics, with a long rehab awaiting.",22314,,2224,,1747169107.0,1klwwe5
"[Uthayakumar] 40-year-old LeBron James just became the oldest player to be named to an All-NBA team in NBA history, passing 39-year-old LeBron James.",22132,,774,,1748042543.0,1ktxke8
"[MacMahon] Executives around the NBA are reportedly “furious” that the Lakers were the only team allowed to bid for Luka Dončić, per @espn_macmahon",22040,,3421,,1738617370.0,1ih09n1
[Highlight] Fan attending the draft loudly shouts out: “DALLAS WAS RIGGED!”,21959,Highlight,806,,1750896486.0,1lkltdd
THE NEW YORK KNICKS HAVE BEEN ELIMINATED FROM CHAMPIONSHIP CONTENTION,21903,,2722,,1748745364.0,1l0e8wn
"[Inside The NBA] Charles Barkley expresses love for San Francisco, then gets booed after saying the homeless need help.",21902,,2405,,1739493862.0,1ioybsx
"Last night, Lindy Waters became the 4th Native American to play for the Detroit Pistons. In an eerie coincidence, the prior 3 all suffered tragic water-related deaths in their 30s. Waters, who is 27, may want to avoid the water in a few years.",21732,,499,,1739406286.0,1io6ar6
"LeBron is asked about the 'LeBron is 30, this fuckery won't go on for much longer, thank god' tweet.",21717,,694,,1736955233.0,1i200ja
[Bulls] The moment Derrick Rose found out his number was going into the rafters,21636,,791,,1736023544.0,1htny36
Nikola Jokic can't believe Wemby reads a book before every game,21546,,1175,,1739747514.0,1ir5gra
"Raptors announcer: ""And that piece of s*** knocks it down""",21481,,491,,1735092110.0,1hlrk4c
Luka Doncic changes plates on his prized Regara from Texas to California in a new joint from Jordan Brand ahead of tonight’s Mavs-Lakers game,21349,,892,,1740518368.0,1iy65pa
"Michael Jordan on if he still loves basketball: ""I wish I could take a magic pill, put on shorts and go out and play the game of basketball today, because that's who I am. That type of competition, that type of competitiveness, is what I live for. And I miss it.""",21245,,1331,,1761095199.0,1ocuoio
"[Charania] BREAKING: Nine-time NBA All-Star Damian Lillard is finalizing a three-year, $42 million contract to return to the Portland Trail Blazers, sources tell ESPN. Deal is expected to include a player option in 2027-28 and a no-trade clause. A storybook reunion home for the 35-year-old",21231,,2346,,1752787149.0,1m2jp7t
"Charles Barkley to his friend, Nico Harrison: “Don't do any more press conferences… I don’t even know what you’re doing… This war is over, brother. You taking the L”",21094,,692,,1745277553.0,1k4rq0t
"[Charania] BREAKING: The Miami Heat are finalizing a deal to send Jimmy Butler to the Golden State Warriors for Andrew Wiggins, Dennis Schroder, Kyle Anderson and a protected first-round pick, sources tell ESPN.",21083,,4094,,1738804658.0,1iiqkpj
Mark Cuban was in disbelief during the ‘Fire Nico!’ chants in the closing moments of the game.,21006,,2404,,1744288769.0,1jvwvyu
Hornets apologize after pretending to give child PS5 and taking it away off camera,20937,,1673,,1734484067.0,1hgq0lx
"[Highlight] LeBron James surpasses 50,000 career points off a pass from Luka",20896,Highlight,894,,1741146433.0,1j3u62k
[Highlight] Steph Curry hits the step back three and tells the Mavs it's time to go Night Night!,20743,Highlight,1297,,1731476320.0,1gq5yo2
LeBron James is set to become the first player in NBA history to play in 23 seasons.,20709,,1255,,1748790468.0,1l0r703
Another angle of Steph's tunnel shot from two days ago.,20699,,786,,1742667201.0,1jheruv
"[Verified stat] Since joining the Sixers, Paul George has uploaded more Podcast clips to Youtube (288) than field goals made (197)",20643,,398,,1738990446.0,1ikfg2q
[Highlight] Shaq appears to get emergency diarrhea on TNT live post-game after the Nuggets vs Clippers game,20629,Highlight,908,,1745297595.0,1k4y6q8
Luka Doncic doing NBA promotional shoots looking pretty slim in a Lakers uniform,20610,,2196,,1738860063.0,1ij6vwi
"Jon Lewis: ""NBA will be better off without Stephen A. Smith""",20537,,1366,,1750775300.0,1ljckhr
Paul Pierce enters the FS1 studio on a wheelchair after having held his word on walking all the way there after the Celtics lost game 2,20424,,522,,1746738379.0,1ki19ak
"Nico Harrison on the backlash to trading Luka Doncic: ""I did know Luka was important to the fan base. I didn't quite know it to what level.""",20389,,2610,,1745259470.0,1k4khb3
"Jaylen Brown got clamped by a principal, so he proceeded to dunk on him the next play",20358,,602,,1756486238.0,1n3co7b
[Injury] Red Panda fell off her unicycle during the WNBA Commissioner's Cup final. She is being attended by medical personnel after being wheeled off the court.,20305,,1320,,1751418183.0,1lpis6r
"[Highlight] Giannis blocks Beasley to seal the game, hilariously hits him with his own shimmy. Beasley is not amused",20177,Highlight,667,,1744421821.0,1jx667m
"Staingate: After accidentally staining multiple players jerseys with fake hair fibers, Jaylen Brown has announced he will be shaving his head Live tonight at 7pm",20132,,907,,1761683183.0,1oikfjf
"[Goldsberry] The Luka Dončić deal originally included multiple first-round picks, Dalton Knecht, and more, but was chiseled down after Rob Pelinka was able to convince Nico Harrison that taking on Luka Dončić was a big risk due to his weight and injury history.",19999,,2727,,1738599851.0,1igsyqo
ESPN slowly removes their ‘ESPN BET’ sports ticker during their segment on the Rozier and Billups gambling arrests,19901,,825,,1761232772.0,1oe638v
[Zachery Dereniowski] Nikola Jokić Meets His Number One Fan,19748,,643,,1744752945.0,1k03sgi
Reggie Miller points at Haliburton after the game.,19688,,612,,1747885533.0,1kshcbg
"[Highlight] The Indiana Pacers win the first NBA Finals game at Gainbridge Fieldhouse in 25 years, defeating the Oklahoma City Thunder, 116-107. Indiana leads the NBA Finals, 2-1.",19661,Highlight,930,,1749698335.0,1l9c72b
"[Chau] ""Nine months ago, the Dallas Mavericks were in the NBA Finals....Nine months later, the team has been reduced to a pile of rubble, an object of pity. ...In one month, Harrison’s entire vision of the team’s next few seasons has completely disintegrated.""",19563,,1619,,1741188791.0,1j45qqa
Jaylen Brown called LeBron James to ask if going to Turkey would fix his hairline,19548,,907,,1761696415.0,1oipwxl
"Simmons: ""I think this might be the first NBA playoffs that comes and goes where the team I'm going to remember isn't the team that won the title""",19486,,2348,,1750648292.0,1li65i6
[Highlight] Luka Doncic makes his first triple as a Los Angeles Laker,19447,Highlight,1073,,1739245840.0,1impo5d
[Highlight] Austin Reaves with the game-winner buzzer-beater to win the game for the Lakers!,19253,Highlight,1369,,1761797283.0,1ojq29a
Reggie Miller shares his reaction to Tyrese Haliburton’s game winning shot on his IG Story.,19183,,677,,1749255921.0,1l57uqj
"[Highlight] LeBron ""Pookie Bear"" James lights up the Dubs with a logo heat check three",19123,Highlight,889,,1738899721.0,1ijlwuv
[Highlight] De'Andre Hunter breaks Giddey's ankles and then put Patrick Williams on a poster,19103,Highlight,814,,1762656627.0,1os83jr
"Luka: ''I love these fans, I love this city, but it's time to move on.''",19076,,768,,1744252254.0,1jvnh5r
"[Stein] Luka Dončić did NOT request a trade, league sources tell @TheSteinLine . The Mavericks did this on their own accord, getting back Anthony Davis but only one future first-round pick from the Lakers in 2029 for a 25-year-old regarded as a future MVP.",19034,,3464,,1738474559.0,1ifqbr2
"TJ McConnell's dad crashed NBA TV while his son was being interviewed ""I have a son in the NBA and I have a daughter in the WNBA. This is a dream come true""",19019,,746,,1750391120.0,1lfua1s
"Kevin durant: ""I think it’s more fun to complain about the nba than to actually watch it. Crazy, cancel all star weekend and let’s just give everybody a break since we’re so miserable around this time""",19016,,1673,,1739815296.0,1irq636
[Highlight] Luka gets ejected with his 2nd Tech of the game,18858,Highlight,2683,,1744164619.0,1juuygz
[Injury] Jason Tatum appears to be in tears in a wheelchair to the locker room,18833,,3034,,1747102049.0,1klak3v
"Dwyane Wade says that his first indication that LeBron James would not return to the Miami Heat was when Pat Riley took away his chocolate chip cookies, sparking concerns about Riley's micromanagement",18829,,1492,,1740610025.0,1iz0nmv
[Highlight] Jaylen Brown's fake hairline gets rubbed off on OG Anunoby's jersey,18769,Highlight,617,,1761405355.0,1ofu31z
"KD, Beal, and the Suns bench react to the Luka-AD trade",18732,,723,,1738479641.0,1ifrn2m
"Steph Curry goes nuclear with 56 points on 16/25 FG, 12/19 3PT against the Magic",18723,,1079,,1740709989.0,1izxdv5
[Highlight] Anthony Davis goes to the locker room with a non-contact injury,18721,Highlight,1887,,1739051599.0,1ikyqen
Patrick Beverley learns about Karl Malone’s off court scandal,18715,,1441,,1754605918.0,1mke7br
"Down 2 with 10 seconds left: Joel Embiid passes on the wide open three and opts to drive into the paint, where he promptly turns it over.",18713,,1463,,1739326912.0,1ingeu2
[Inside the NBA] Chuck with the slick response that causes the entire studio go bust out laughing,18704,,628,,1733895786.0,1hbmprt
"[Siegel] Luka Doncic didn't know about this trade. LeBron James didn't know about this trade. Anthony Davis didn't know about this trade. Nico Harrison and Rob Pelinka have turned what was supposed to be a ""dead deadline"" into one of the most historic trades ever.",18660,,2281,,1738477256.0,1ifr1mr
"Gregg Popovich: ""Timmy and Manu, who have been here for all of my workouts here at The Rock. They say it's because they love me and want to be there in case I fall— I call it payback, cause they give the rehab people new ideas of things to do to me. You're not fooling anybody, especially you Timmy.""",18622,,672,,1746474500.0,1kfl0xd
[Highlight] Pacers fan brings out a free throw clock for Giannis,18468,Highlight,593,,1745364879.0,1k5kxvm
"[Charania] Just in: The Milwaukee Bucks are waiving Damian Lillard and stretching the remaining $113 million on his contract in order to acquire Myles Turner, sources tell ESPN. Lillard's two seasons in Milwaukee come to an end as he rehabilitates a torn Achilles tendon.",18377,,2487,,1751383062.0,1lp4cko
"[Highlight] Luka Doncic appears to tell someone to shut up, tells Draymond Green he wasn't talking to him, then tells Draymond Green to shut up anyways",18297,Highlight,536,,1734320569.0,1hfacqa
"[Stein]: Dirk Nowitzki, I’m told, will attend tonight’s game in Los Angeles to be present at the Laker debut of his close friend and former teammate Luka Dončić.",18196,,632,,1739234215.0,1imlx8i
LeBron James heated exchange with Stephen A.,18173,,2246,,1741333295.0,1j5i7yl
Wembanyama pulls off a flawless free-kick in pick-up soccer.,18175,,719,,1751289207.0,1lo770f
"Victor Wembanyama's night is done as he bulldozes Anthony Davis and the Mavericks to start his season: 40 PTS, 15 REB, 3 BLK, 1 AST, 1 STL, 14/20 FG, 1/2 3PT, 9/11 FT, +27 in 30 min",18166,,1695,,1761192190.0,1odtjms
"[Highlight] Loud “Thank you, Nico!” chants while Luka Dončić shoots free throws.",18047,Highlight,684,,1740542344.0,1iyep4s
"Max Strus texted his teammates before Game 5: “If you don’t believe, don’t show up to work.” He finished the game 0/9",18046,,897,,1747190163.0,1km4gye
"Luka Doncic checks out of the game with 32 Points / 10 Rebounds / 7 Assists / 4 Steals, ending the Nuggets' 9-game winning streak",18039,,1099,,1740283135.0,1iw1e34
[Highlight] Detroit Pistons and Minnesota Timberwolves major brawl. Several players fight and coaches get involved.,17871,Highlight,1948,,1743378955.0,1jnq90l
[Highlight] VJ Edgecombe Beats Dick Off the Dribble and Finishes Hard with Two Hands,17737,Highlight,423,,1762664919.0,1osarek
"Ernie Johnson as 'Inside the NBA' comes to an end: ""This is the greatest family in TV history, right here""",17675,,658,,1748410766.0,1kx9ctc
THE CLEVELAND CAVALIERS HAVE BEEN ELIMINATED FROM CHAMPIONSHIP CONTENTION,17648,,2264,,1747187106.0,1km3his
[Highlight] Spurs move to 5-0 for the first time in franchise history and Wemby is pumped!,17631,Highlight,702,,1761879556.0,1okjmrx
[Highlight] The Bulls score 9 points in the final 12.6 seconds to beat the Lakers!,17594,Highlight,789,,1743130189.0,1jll71i
Paul Pierce has completed his promised walk to the studio after the Celtics' loss last night,17587,,704,,1746733666.0,1khzcrc
Nico Harrison tried leaving the press conference but the door was locked,17550,,600,,1745266832.0,1k4njq1
"[Highlight] After the game, a kid came into the court hoping to get an autograph, Wemby gives his jersey instead ",17512,Highlight,621,,1731382416.0,1gpblwp
"[Aldridge] I’ve been covering the NBA for 37 years. Almost nothing that happens - deals, free agent signings, draft choices, coach hiring/firings - rises to the level of, as the great Ben Bradlee used to call them, “Holy S—t” stories. You just used to crazy. This is a “Holy S—t” trade.",17509,,1952,,1738476313.0,1ifqsre
"Mark Cuban, who once said he'd sooner divorce his wife than let Luka Doncic go to another NBA franchise, confirmed he wasn't involved in the trade.",17483,,783,,1738532981.0,1ig8q9d
[Highlight] Mavericks finally show fans on Jumbotron. Fan Gets kicked out for saying Fire Nico.,17484,Highlight,941,,1739245389.0,1impj3d
"[Post Game Thread] The Indiana Pacers outpace OKC stealing OKC’s Thunder and overcoming early TOs and taking a 1-0 lead, 111-110, Hali’s not afraid of the moment",17355,Post Game Thread,4616,,1749179337.0,1l4i5q9
"Draymond Green sends the broadcast to a commercial break: ""Good night. It's been real""",17300,,1112,,1746414072.0,1kf1l2u
"[NBA] Jarrett Allen on his fastbreak slam tonight: ""I wanted to look like LeBron trying to bring it back. I looked at the replay—nothing close.""",17271,,526,,1743650068.0,1jq7w72
"[Benedetto] Tried to get Russell Westbrook in the locker room to see he had made a decision on his player option for next season. He looked at his watch and asked what I was wearing tomorrow. When I said I didn’t know, he said “exactly” and walked off. 
Nuggets aren’t doing exit interviews.",17128,,464,,1747610341.0,1kpxcmm
Knicks organist posts his view from Game 6,17117,,628,,1747564718.0,1kph08y
"A fan yells ""Fire Nico"" right in Nico Harrison's face.",17105,,637,,1743466576.0,1joigex
"LeBron James in 2017 on Charles Barkley: ""He's a hater. What makes what he says credible? Because he's on TV? I'm not going to let him disrespect my legacy like that. I'm not the one who threw somebody through a window. I never spit on a kid. I never had unpaid debt in Las Vegas.""",17083,,2228,,1736361127.0,1hwr8ea
[Highlight] Nikola Jokic drains another amazing buzzer beater from the opponent's 3 point line,17023,Highlight,615,,1743214714.0,1jmc6ph
"[Highlight] Trae Young misses the 2nd clutch free throw intentionally, with a really high arcing shot that barely grazes the rim, leaving no time on the clock for the Pacers. Georges Niang finally figures out why Trae missed the free throw.",17031,Highlight,557,,1741496353.0,1j705oj
"[Charania] ""San Antonio Spurs All-Star Victor Wembanyama is expected to miss reminder of the season with a deep vein thrombosis in right shoulder.""",17017,,1957,,1740073614.0,1iu4gwc
"[Paolo Banchero] after a fan asks him to score 2 more points: “You’re betting on preseason bro? You’re addicted. It’s preseason bro, relax.”",17014,,1189,,1760205380.0,1o4261l
Luka Dončić was ready to leave practice with his backpack on when his teammate Alen Omić bet that he’d do 50 push-ups if Luka scored from the sideline. Luka then proceeded to casually drain the shot with his backpack still on.,16960,,500,,1756988627.0,1n88o3y
"Spike: ""I would give up an Academy Award. Oscar, for the Knicks to win a Championship."" Chuck: ""Well you're gonna keep 'em!""",16961,,484,,1748566789.0,1kyrcqq
"Anthony Edwards about the Luka trade: ""At 25 they traded, probably, the best scorer in the NBA at 25. And he didn't know about it, so, it's a lot more digging somebody gotta do to find out why he got traded, because you don't just trade him at 25, he just went to the finals.""",16854,,1142,,1738641420.0,1ih8yx3
"LeBron is super excited to see his son Bryce come back from college: ""Look at him! Y'all see this beard!""",16826,,1223,,1755195300.0,1mq8iy7
[Stein] It is feared that the Mavericks’ newly acquired Anthony Davis will be sidelined for an indefinite period … with the severity of his adductor injury sustained Saturday still being determined.,16725,,2002,,1739153686.0,1ilvg69
A young Mavs fan sitting courtside gets beaned by a Kyrie Irving pass,16710,,1641,,1737848093.0,1ia0ahc
[Highlight] Steph Curry makes the impossible fadeaway corner 3-point shot over Jalen Green,16676,Highlight,738,,1745204711.0,1k43m8x
"Steve Ballmer flew over 120 Clippers fans to Denver on a charter plane this morning, also covering their tickets and transportation to Game 7. They will be on the side the Nuggets are shooting on the 2nd half, bringing ""The Wall"" to Ball Arena (video via @TomerAzarly, h/t @ramonashelburne)",16652,,1370,,1746313263.0,1ke5kvz
"BREAKING: Sacramento is finalizing a trade to send De'Aaron Fox to the San Antonio Spurs in a multi-team trade that moves Chicago Bulls' Zach LaVine to the Kings, sources tell ESPN.",16645,,2775,,1738546194.0,1igdhfz
[Highlight] Westbrook FOULS AT THE BUZZER. Nuggets Lose,16625,Highlight,1656,,1743570990.0,1jph1xu
"Emmanuel Acho on Draymond Green: ""We're not suggesting you're an angry black man, we're simply suggesting you might be a dirty basketball player. Because you do what nobody else in the NBA does, at least not as frequently.""",16619,,1012,,1746821959.0,1kis8ji
"A young Spurs fan in the crowd asks Victor Wembanyama for a high five, but gets his game jersey instead, leaving him in total disbelief.",16562,,412,,1734167479.0,1hdz7rj
Luka Doncic has tied LeBron James Jr. on the Lakers’ all time scoring list.,16561,,176,,1739252122.0,1imriy3
Fan Breaks News of Jimmy Butler to the Miami Heat Bench During the Game,16535,,635,,1738807255.0,1iirg9b
Anthony Edwards’ newest baby mother shares texts of him demanding that she gets an abortion. Saying “Get da abortion” and “I won’t be in a child life I don’t want. You are sick 😂😂😂”,16528,,3819,,1739331204.0,1inhsjs
Ludicrous scenes outside of MSG still after the Knicks won Game 6,16522,,1172,,1747454761.0,1kok5ga
[Highlight] Jokic attempts a full court tap to beat the buzzer,16503,Highlight,595,,1732425607.0,1gyjkiy
"Scott Van Pelt admits he was wrong about the Pacers. Tyreese Haliburton responds: ""You're a real one. A lot of your counterparts won't admit that""",16483,,614,,1749182528.0,1l4j5kd
"[Charania] The Miami Heat are suspending Jimmy Butler indefinitely, sources tell ESPN.",16329,,1920,,1738011723.0,1ibjz62
"Tyrese Haliburton on the confrontation his dad had with Giannis: ""I don't think that my pops was in the right at all there. ... We will have a conversation and I'll talk to Giannis it's unfortunate we're all grown men.""",16324,,750,,1745980269.0,1kb5v9m
Jimmy Butler on his Instagram story to his Big Face Coffee employee: “Our best guy right here. You see that? See that? I gave you a compliment. That’s what bosses do. They build you up they don’t break you down.”,16313,,1681,,1736520853.0,1hy64xk
"Reggie Miller: ""I don’t like the character assassination on Luka Doncic from Mavericks. And if it’s coming from them about why we traded him. ‘Luka wasn’t in great shape, his conditioning, he would never get in shape’. You don’t become 1st Team All-NBA player 5 years in a row if you’re not in shape""",16268,,724,,1739040576.0,1ikuh6x
"Kenny Smith on the Knicks' rotations: ""Thibodeau wouldn't play 9 guys in a baseball game""",16230,,520,,1748222690.0,1kvib2l
"[Jones] His family moved to California after his playing career in part because he didn’t believe his family would be “accepted” amid Florida’s anti-LGBTQ+ policies.
Wade doesn’t allow hate to change his parenting approach. “I’m such a proud father, and I try to post my kids,” Wade said.",16219,,1203,,1750012939.0,1lc7o73
"JJ Redick cussing out everyone: ""Time out. What the fuck is going on. Time out. Jesus fucking Christ, the fuck are you guys doing. Come on!"" (almost sounds like Ant is going ""yeah JJ yeah, in the background"" — via TNT OT)",16190,,816,,1745380105.0,1k5pw36
"[Charania] ""BREAKING: The Denver Nuggets are trading Michael Porter Jr. and an unprotected 2032 first-round pick to the Brooklyn Nets for Cam Johnson, sources tell ESPN.""",16167,,1669,,1751324813.0,1lom69r
"If you want to watch basketball how it was meant to be played, watch the Pacers",16140,,2250,,1748437327.0,1kxgi8d
Shaq with one of the most disrespectful moves ever,16104,,1055,,1755532264.0,1mtpv5t
"[The Athletic] Kendrick Perkins on his tenure with the Oklahoma City Thunder: “It doesn’t mean your best player is your leader. When I was with the Thunder, it wasn’t Kevin Durant. It wasn’t Russell Westbrook. It wasn’t James Harden. I was the one leading.”",16033,,1008,,1738885281.0,1ijh3ct
"JJ Redick on Lebron's performance:
""We were talking before the game not sure if he is playing today... he defies anything that's normal. It's the mentality... he is a billionaire and he's playing on 2nd night of a back to back... He's got every record. The kids will say I'm glazing him""",16023,,1036,,1740117750.0,1iuk2fr
"A historic 20 players combined are listed OUT between the Mavs vs 76ers today. A camera pans around, but only 6 and 7 players from each team are seen warming up.",15975,,672,,1742146145.0,1jcqpqj
"VJ Edgecombe mic'd up, checking on Embiid got hit in the eye: ""Look at me, look at me. Am I still handsome?"" *Embiid nods* ""Okay, okay, you good""",15972,,297,,1762391743.0,1ople7t
"Dwyane Wade: ""Tyrese Haliburton is a f*cking superstar. He is a cold motherf*cker. I am gonna get a jersey. I need it signed.""",15967,,742,,1749221335.0,1l4ubb2
Just saw a Nike exec fall down to his knees.,15951,,885,,1732545196.0,1gzk5wx
"Reggie Miller is dumbfounded that Giannis was able to get away with a 5-step gather without getting called for a travel: ""I could've played until I was 50""",15948,,1445,,1761701692.0,1oiru55
[Highlight] Kawhi wins the game at the buzzer for the Clippers!,15944,Highlight,812,,1741580331.0,1j7qfgv
[Highlight] Fadeaway from midrange by Giannis wins the game!,15886,Highlight,781,,1762224059.0,1onw001
