neg,neu,pos,compound,headline,Title_Sent
0.0,1.0,0.0,0.0,"Reddit may force Apollo and third-party clients to shut down, asking for $20M per year API fee",Neutral
0.242,0.655,0.103,-0.453,Join the battle for net neutrality!!! We don’t wanna have to pay for reddit!! Do you part!,Negative
0.0,0.781,0.219,0.4215,Popular iOS Reddit client Apollo will shut down on June 30.,Positive
0.0,1.0,0.0,0.0,iPhone 12 does not come with power charger or earbuds in the box,Neutral
0.095,0.905,0.0,-0.2263,"In light of Facebook's whining about Apple, remember that Instagram secretly accessed your camera until outed by iOS 14",Negative
0.394,0.606,0.0,-0.7783,Parler app and website go offline; CEO blames Apple and Google for destroying the company,Negative
0.0,1.0,0.0,0.0,Fornite has been removed from the App Store after they implemented direct payments,Neutral
0.155,0.845,0.0,-0.296,Phone Calls Will Finally Stop Taking Up the Entire Screen in iOS 14,Negative
0.1,0.9,0.0,-0.2732,Epic Games says Apple is terminating their developer account and will cut them off from developer tools on August 28th,Negative
0.0,1.0,0.0,0.0,A Message to Our Customers,Neutral
0.149,0.851,0.0,-0.2732,"Larry Tesler, the Apple employee who invented cut, copy, paste, dies at 74",Negative
0.0,1.0,0.0,0.0,The president just called the CEO of Apple ‘Tim Apple’,Neutral
0.295,0.705,0.0,-0.5574,"Apple cancels AirPower product, citing inability to meet its high standards for hardware",Negative
0.29,0.588,0.122,-0.5719,r/Apple will be joining the blackout to protest Reddit killing 3rd Party Apps such as Apollo,Negative
0.0,1.0,0.0,0.0,Apple says it will kick Parler off the App Store in 24 hours unless content is moderated,Neutral
0.02,0.649,0.331,0.9595,"I'm giving away an iPhone 12 Pro/Max/Mini to a commenter at random to celebrate Apollo for Reddit's iOS 14 update, plus the new iPhones, plus some cheer amongst COVID. Simply leave a comment and you're entered! Good luck, winner announced in 24 hours at 11 PM GMT.",Positive
0.259,0.623,0.118,-0.3098,"No, Apple, a slightly bent iPad Pro straight out of the box isn't acceptable",Negative
0.019,0.687,0.295,0.9564,"I'm giving away an iPhone 11 Pro to a commenter at random to celebrate Apollo for Reddit's new iOS 13 update and as a thank you to the community! Just leave a comment on this post and the winner will be selected randomly and announced tomorrow at 8 PM GMT. Details inside, and good luck!",Positive
0.488,0.512,0.0,-0.8885,Apple kicks Parler off the App Store citing 'threats of violence and illegal activity',Negative
0.296,0.704,0.0,-0.4939,Tim Cook to white supremacists: 'You have no place on our platforms.',Negative
0.157,0.756,0.087,-0.296,Apple has now terminated Epic's App Store account following legal dispute between the two companies,Negative
0.0,0.825,0.175,0.4522,Apple should switch the iPhone to USB-C if it really wants to help the environment,Positive
0.183,0.583,0.233,0.1531,AirTags catch United Airlines in lie about missing luggage,Positive
0.0,1.0,0.0,0.0,"11 years ago, Steve Jobs 'scrolling' on the first iPhone drew audible gasps from the crowd.",Neutral
0.0,1.0,0.0,0.0,"Guys, @tim_cook changed his name to Tim Apple",Neutral
0.0,0.887,0.113,0.4939,"I've been working on this game for 2 years now and I just discovered that Apple is using it as a demo in some Apple Stores, I'm just amazed",Positive
0.0,1.0,0.0,0.0,Apple announces Self Service Repair,Neutral
0.0,1.0,0.0,0.0,"Apple Announces AirPods Max Over-Ear Headphones With Noise Cancellation, Priced at $549",Neutral
0.293,0.707,0.0,-0.6597,"Lufthansa ""bans AirTags in luggage"" after passengers publicly shame it with location of lost bags",Negative
0.0,1.0,0.0,0.0,"Jony Ive, iPhone designer, announces Apple departure",Neutral
0.0,1.0,0.0,0.0,Goodbye Apollo 2017-2023,Neutral
0.0,1.0,0.0,0.0,#BoycottApple trending as Apple removes Quartz news and HKmap apps from App Store,Neutral
0.032,0.863,0.105,0.5697,"Hey, developer of Apollo for Reddit here. I'm doing a completely free iPhone 14 Pro giveaway to commemorate Apollo's big iOS 16 update and new iPhone 14 Pro features. Just leave a comment to enter! 🎉📱",Positive
0.168,0.832,0.0,-0.3875,Reddit's CEO really wants you to know that he doesn't care about your feedback,Negative
0.0,1.0,0.0,0.0,"Apple unveils M1, its first system-on-a-chip for portable Mac computers",Neutral
0.0,1.0,0.0,0.0,"Tim Cook on Twitter: “We believe users should have the choice over the data that is being collected about them and how it’s used. Facebook can continue to track users across apps and websites as before, App Tracking Transparency in iOS 14 will just require that they ask for your permission first.”",Neutral
0.0,1.0,0.0,0.0,EU Passes Law to Switch iPhone to USB-C in 2024,Neutral
0.0,0.896,0.104,0.296,"Reddit's CEO responds to a thread discussing his attempt to discredit Apollo with ""His ""joke is the least of our issues.""",Positive
0.191,0.809,0.0,-0.5106,Students are failing AP tests because the College Board website can’t handle iPhone HEIC photos,Negative
0.0,1.0,0.0,0.0,Apple says Epic Games CEO wanted a side deal for Fortnite,Neutral
0.0,1.0,0.0,0.0,"Thought: Now that iPhone X has face id that works in any light condition, Apple should make auto-orientation of screen relative to your head instead of gravity.",Neutral
0.318,0.682,0.0,-0.6369,Apple plans to scan US iPhones for child abuse imagery,Negative
0.0,0.871,0.129,0.6124,"Introducing Apollo, a brand new Reddit experience for iOS. Gorgeous, iOS centric design, an incredible Media Viewer, fully customizable gestures, a full Markdown editor, and sculpted by thousands of Redditors.",Positive
0.172,0.828,0.0,-0.4019,Samsung plans to ditch power adapters just 3 months after mocking Apple over the same,Negative
0.0,1.0,0.0,0.0,"Apple, look at what you made me do",Neutral
0.0,1.0,0.0,0.0,iPhone 12 announcement coming Oct. 13.,Neutral
0.172,0.63,0.197,-0.1027,"Apple launches major new Racial Equity and Justice Initiative projects to challenge systemic racism, advance racial equity nationwide",Negative
0.0,1.0,0.0,0.0,What Apple Watch really needs is a battery that lasts longer than a day,Neutral
0.0,1.0,0.0,0.0,Apple Music announces Spatial Audio and Lossless Audio,Neutral
0.0,1.0,0.0,0.0,Ricky Gervais stings Apple for using “sweatshop labor” at Golden Globes with Tim Cook in the audience,Neutral
0.0,1.0,0.0,0.0,Apple CEO becomes chairman of China university board,Neutral
0.0,1.0,0.0,0.0,Apollo Is a Work of Art,Neutral
0.097,0.903,0.0,-0.1027,Facebook warns Apple's iOS 14 could shave more than 50% from Audience Network revenue,Negative
0.0,0.8,0.2,0.25,"This is Apple Vision Pro, the mixed reality headset",Positive
0.0,1.0,0.0,0.0,Reddit plagued with 1-star App Store reviews over API debacle as users search for 0-star button,Neutral
0.0,1.0,0.0,0.0,Apple is acquiring music recognition app Shazam.,Neutral
0.0,1.0,0.0,0.0,Tim Cook calls on FTC to let consumers track and delete their personal data.,Neutral
0.2,0.8,0.0,-0.4588,Twitter and YouTube Banned Steve Bannon. Apple Still Gives Him Millions of Listeners.,Negative
0.0,1.0,0.0,0.0,"Apple Unveils Redesigned MacBook Pro With Notch, Added Ports, M1 Pro or M1 Max Chip, and More",Neutral
0.355,0.645,0.0,-0.6597,Apple Is Killing A Billion-Dollar Ad Industry With One Popup,Negative
0.0,1.0,0.0,0.0,Apple is shipping $1000 phones with 64gb base storage while Samsung base storage starts at 256GB.,Neutral
0.121,0.879,0.0,-0.296,Apple cuts App Store commission rate to 15% for many developers with new Small Business Program - 9to5Mac,Negative
0.28,0.538,0.183,-0.2263,"Russia threatens to nationalize Apple, seize assets",Negative
0.0,0.74,0.26,0.5949,"On the new iPad and the app is Procreate, it’s so satisfying.",Positive
0.076,0.652,0.272,0.6932,"So... Apollo made $5,087.23 yesterday. Yeah no joke. Just sent it to the local animal shelter. THANK YOU SO MUCH! (Animal pics inside)",Positive
0.253,0.747,0.0,-0.6597,"In 2019, Apple needs to change iPhone’s call UI because robocalls are killing us",Negative
0.0,1.0,0.0,0.0,Garmin Reacts to Apple Watch Ultra: 'We Measure Battery Life in Months. Not Hours.',Neutral
0.0,0.792,0.208,0.2732,Apple now globally powered by 100 percent renewable energy,Positive
0.0,0.808,0.192,0.4754,The cheapest iPhone now has a more powerful processor than the most expensive Android phone,Positive
0.0,1.0,0.0,0.0,Ex-Apple engineer reveals AirPods Max were planned four years ago,Neutral
0.0,1.0,0.0,0.0,Facebook and its advertisers are 'panicking' as the majority of iPhone users opt out of tracking,Neutral
0.0,0.918,0.082,0.3612,The CLOUD Act would let cops get our data directly from big tech companies like Facebook without needing a warrant. Congress just snuck it into the must-pass omnibus package. • r/technology,Positive
0.0,0.938,0.062,0.3049,Owners of AirPods Pro.Here’s a little FYI. Apple (quietly) issued a recall on all AirPods Pro manufactured before October 2020. For the crackling issue.If you have this issue you can take them in and get them replaced.,Positive
0.0,1.0,0.0,0.0,Apple remastered rainbow logo in a new iMac ad,Neutral
0.0,1.0,0.0,0.0,The Apple Watch feature I once thought was a throwaway novelty is now crucial to me.,Neutral
0.231,0.769,0.0,-0.5574,Apple fired the engineer whose daughter released a video of his iPhone X on YouTube,Negative
0.0,0.843,0.157,0.0772,Apollo dev: “I want to debunk Reddit’s claims”,Positive
0.442,0.325,0.234,-0.6369,"Amazon employees arrested for stealing $592,000 worth of iPhones",Negative
0.134,0.866,0.0,-0.1779,"Microsoft fires back at Apple, accusing it of treating gaming apps 'differently'",Negative
0.192,0.808,0.0,-0.2263,Apple blocks Facebook from running its internal iOS apps,Negative
0.0,1.0,0.0,0.0,Meta Sued Over Tracking iPhone Users Despite Apple's Privacy Features,Neutral
0.0,1.0,0.0,0.0,Saying “All lives matter” to Siri now redirects you to blacklivesmatter.com,Neutral
0.346,0.457,0.198,-0.3109,Can we PLEASE stop defending Apple for poor design decisions?,Negative
0.0,1.0,0.0,0.0,Apple boarded up and closing down stores in major cities,Neutral
0.0,0.864,0.136,0.3976,"Apple Music pays artists 10 times more per play than YouTube, and nearly twice as much as Spotify.",Positive
0.0,1.0,0.0,0.0,Apple officially unveils AirTag item tracker,Neutral
0.0,1.0,0.0,0.0,"Apple reveals new AirPods Pro, available October 30",Neutral
0.204,0.647,0.149,-0.2732,Tim Cook Implies That Facebook's Business Model of Maximizing Engagement Leads to Polarization and Violence,Negative
0.0,0.737,0.263,0.6124,iPhones on iOS 12 Will Automatically Share Precise Location Data During 911 Calls in United States,Positive
0.0,1.0,0.0,0.0,"Major iPhone FaceTime bug lets you hear the audio of the person you are calling, before they pick up",Neutral
0.28,0.72,0.0,-0.5423,How Reddit Became the Enemy - w/ Apollo Developer Christian Selig,Negative
0.0,1.0,0.0,0.0,"Because everything is a subscription, I don’t visit the App Store anymore.",Neutral
0.12,0.88,0.0,-0.2924,WhatsApp breaks App Store guidelines by limiting functionality for users who do not accept new privacy policy,Negative
0.0,1.0,0.0,0.0,Child spends $16K on iPad game in-app purchases,Neutral
0.0,0.752,0.248,0.5106,5GB of free iCloud storage space is totally insufficient for 2019,Positive
0.0,1.0,0.0,0.0,"""Its just works...with dongles and adapter cables"" -Apple 2016",Neutral
0.173,0.827,0.0,-0.3182,Apple's Director of Machine Learning Resigns Due to Return to Office Work,Negative
0.0,1.0,0.0,0.0,Apple removes most of Alex Jones’s podcasts from the Podcasts app,Neutral
0.0,1.0,0.0,0.0,FaceTime is coming to Android and Windows via the web,Neutral
0.0,1.0,0.0,0.0,"iPhones Could Cost Up to $2,300 in the U.S. Due to Tariffs, Analyst Says",Neutral
0.0,1.0,0.0,0.0,"Apple has temporarily disabled: For You, Browse, and Radio",Neutral
0.0,1.0,0.0,0.0,Google Reportedly Pays Apple $8-12 Billion Per Year to be Default iOS Search Engine,Neutral
0.0,1.0,0.0,0.0,"[Megathread] Apple announces iPhone SE (2020), starting at $399",Neutral
0.0,1.0,0.0,0.0,A Message to Our Customers about iPhone Batteries and Performance - Apple,Neutral
0.0,1.0,0.0,0.0,"“CBS: Apple has a ""big announcement"" tomorrow that isn't a new product. Gayle King claims ... is bigger ... than a new product.” — Neil Cybart on Twitter",Neutral
0.038,0.798,0.164,0.8046,"I'm a former Apple engineer and I build the Apollo Reddit client! Today for my birthday I'm donating 100% of Apollo's proceeds to my SPCA Animal Shelter who really need the help. If you've ever had a passing interest in Apollo (or even already have it, secrets inside) there's no better day! 🐶🐱",Positive
0.07,0.896,0.034,-0.2865,Elon Musk on Twitter — Confirms Tesla once tried to reach out to Apple to discuss a buyout. Tim Cook was not interested enough to take the meeting. This was pre Model 3 launch.,Negative
0.0,0.533,0.467,0.7906,Apple brand loyalty hits all-time high as Samsung loyalty dives,Positive
0.196,0.804,0.0,-0.296,And the lightning to 3.5mm adapter is no longer included.,Negative
0.0,1.0,0.0,0.0,5G Drains iPhone 12 Battery 20% Faster Than 4G in Benchmark,Neutral
0.0,1.0,0.0,0.0,Apple Weather App Data Not Loading for Many Users,Neutral
0.0,1.0,0.0,0.0,"Apple announces iPhone 11 Pro: triple camera, A13 chip, more",Neutral
0.0,1.0,0.0,0.0,Apple employees push back against returning to the office in internal letter,Neutral
0.316,0.684,0.0,-0.7184,Mark Zuckerberg Reportedly Told Staff Facebook Needs to 'Inflict Pain' on Apple Over Privacy Dispute,Negative
0.0,1.0,0.0,0.0,Apple is charging at least 20% more for every product this year.,Neutral
0.0,1.0,0.0,0.0,Apple will release iOS 14 and iPadOS 14 on September 16th,Neutral
0.0,1.0,0.0,0.0,Apple wants your iPhone to replace your passport and driver's license,Neutral
0.0,1.0,0.0,0.0,"PSA: If your Mac suddenly just got very slow and is not opening apps, this is why",Neutral
0.0,1.0,0.0,0.0,Apple rolling out a mass Surveillance to the entire world...,Neutral
0.328,0.672,0.0,-0.5267,"No tracking, no revenue: Apple's privacy feature costs ad companies millions",Negative
0.333,0.667,0.0,-0.6124,"Samsung began deleting posts mocking Apple, GALAXY S21 will lack same accessories",Negative
0.0,0.809,0.191,0.3818,Apple Unveils iPhone 14 Pro With Dynamic Island and Purple Color Option,Positive
0.0,1.0,0.0,0.0,Opinion | Apple should let people choose Spotify as their default music player,Neutral
0.0,0.839,0.161,0.3182,"‘A huge blunder’: GM’s decision to ditch Apple CarPlay, Android Auto sparks backlash",Positive
0.0,0.816,0.184,0.4019,Apple unveils new iPad Pro with LiDAR Scanner and trackpad support in iPadOS,Positive
0.0,1.0,0.0,0.0,A chart showing iOS compatibility among all iPhones,Neutral
0.251,0.749,0.0,-0.5719,"Tim Cook says employees who leak memos do not belong at Apple, according to leaked memo",Negative
0.0,1.0,0.0,0.0,Apple showing signs it may soon launch a search engine to compete against Google Search,Neutral
0.236,0.764,0.0,-0.5719,"Epic’s decision to bypass Apple’s App Store policies were dishonest, says US judge",Negative
0.062,0.865,0.073,0.0772,"Tim Cook Faces Surprising Employee Unrest at Apple. Hundreds of current and former Apple workers are complaining about their work environment, a rarity for the once tight-lipped company.",Positive
0.0,1.0,0.0,0.0,"Apple updates 13-inch MacBook Pro with Magic Keyboard, double the storage, and faster performance",Neutral
0.087,0.913,0.0,-0.2023,Tim Cook will host meeting for all Apple employees to talk iPhone; specifically about the revelations regarding stalling iPhone sales.,Negative
0.039,0.896,0.065,0.3382,"Jameson on Twitter: ""We recently found that the new 2021 M1 MacBooks cut our Android build times in half. So for a team of 9, $32k of laptops will actually save $100k in productivity over 2022. The break-even point happens at 3 months. TL;DR Engineering hours are much more expensive than laptops!""",Positive
0.0,0.822,0.178,0.0772,EU proposes mandatory USB-C on all devices,Positive
0.408,0.517,0.075,-0.7777,MacBook Pro Keyboard Failures: Why Apples dust excuse is bullshit! [Teardown + Explanations],Negative
0.0,1.0,0.0,0.0,"Apple Music pulls Kanye West ‘Essentials’ playlists, first streaming service to take action",Neutral
0.252,0.748,0.0,-0.4019,Apple’s Higher Prices Are Pure Greed – Paris Marx – Medium,Negative
0.112,0.583,0.305,0.513,Most iPhone owners see little to no value in Apple Intelligence so far,Positive
0.0,0.78,0.22,0.3089,Samsung considers copying Apple's charger removal despite mocking ads,Positive
0.0,1.0,0.0,0.0,"Apple AirPod batteries are almost impossible to replace, showing the need for right-to-repair reform",Neutral
0.116,0.884,0.0,-0.5499,Opinion: Apple's 2015 phone ($650) with 2GB RAM will be updated to the latest version of iOS but Samsung's 2018 phone ($1250) with 8GB RAM will disappoint you,Negative
0.0,1.0,0.0,0.0,Facebook slams Apple's new privacy measures in full-page newspaper ads,Neutral
0.0,1.0,0.0,0.0,"This is iPhone 13 Pro: 120Hz ProMotion display, Sierra Blue color, A15 Bionic, more",Neutral
0.156,0.844,0.0,-0.6757,TIL Apple’s iPad was originally going to use a low powered Intel processor but Tony Fadell (who helped make the iPod) threatened to quit if they didn’t use the A series they were making.,Negative
0.0,1.0,0.0,0.0,Apple says apps must offer a way to delete your account starting in early 2022 | Engadget,Neutral
0.0,1.0,0.0,0.0,"Warren Buffett: ‘If someone offered you $10,000 to never buy an iPhone again, you wouldn’t take it’",Neutral
0.0,1.0,0.0,0.0,Apple is becoming an ad company despite privacy claims,Neutral
0.0,1.0,0.0,0.0,"Elon Musk Will Make an ‘Alternative Phone’ if Apple, Google Boot the Twitter App",Neutral
0.0,0.942,0.058,0.0772,App hack: when you want to move apps to another screen just swipe with a finger that isn't holding down the app icon.,Positive
0.0,0.816,0.184,0.6597,Apple CEO Tim Cook said he’s been impressed by employees’ ability to work remotely and predicted that some new work habits will remain after the pandemic,Positive
0.0,1.0,0.0,0.0,Upgrade to iPhone 7 today with Apple Plug.,Neutral
0.089,0.732,0.179,0.296,"Spotify files complaint with European Commission about the App Store, says Apple is giving itself an ‘unfair advantage at every turn’",Positive
0.145,0.855,0.0,-0.296,"Zoom iOS app quietly sending data to Facebook, even if you have no account",Negative
0.0,1.0,0.0,0.0,"Apple exec met with teenager who found FaceTime bug at his Arizona home, will be eligible for bug bounty program",Neutral
0.196,0.804,0.0,-0.296,Apple should use FaceID to stop rotation when laying down.,Negative
0.0,1.0,0.0,0.0,"Apple confirms some iPad Pros ship slightly bent, but says it’s normal",Neutral
0.085,0.915,0.0,-0.1027,Apple wants me to pay $100 to continue publishing my (free) Safari extension (Reddit Enhancement Suite),Negative
0.0,0.805,0.195,0.5267,"Permanent jailbreak for A5 to A11 devices released, first jailbreak of its kind since 2009",Positive
0.0,1.0,0.0,0.0,"Siri doesn’t meet Apple’s level quality that it prides itself on, and that needs to be talked about more",Neutral
0.226,0.774,0.0,-0.5423,Facebook pays for study that says Apple's iOS 14 privacy changes are bad,Negative
0.141,0.859,0.0,-0.3182,"YouTube restricts iOS 14 picture-in-picture feature to Premium subscribers, 4K not available on tvOS 14",Negative
0.0,1.0,0.0,0.0,The MacBook Air is once again the benchmark by which other laptops will be measured,Neutral
0.0,1.0,0.0,0.0,iOS 12 to run on everything that runs iOS 11,Neutral
0.0,1.0,0.0,0.0,"Google plans privacy change similar to Apple’s, which wiped $230 billion off Facebook’s market cap",Neutral
0.267,0.733,0.0,-0.4588,AT&amp;T wants you to forget that it blocked FaceTime over cellular in 2012,Negative
0.141,0.859,0.0,-0.2411,"Apple'e upcoming update let's you opt out of app tracking, Facebook isn't a fan",Negative
0.136,0.864,0.0,-0.296,"Apple, Google and 13 other companies that no longer require employees to have a college degree",Negative
0.273,0.727,0.0,-0.4588,Apple is rejecting astrology apps form the App Store,Negative
0.208,0.792,0.0,-0.2732,Apple charges you $30 for the exact same battery,Negative
0.216,0.784,0.0,-0.296,Apple shareholders say no to scrapping company's diversity programs,Negative
0.0,0.775,0.225,0.4404,"iPhone protected you from Facebook call scraping. Android, not so much.",Positive
0.239,0.761,0.0,-0.296,Apple missed the point of the word MagSafe,Negative
0.256,0.594,0.151,-0.3182,Elon Musk: Apple has mostly stopped advertising on Twitter. Do they hate free speech in America?,Negative
0.0,0.556,0.444,0.8316,Mozilla Urges Users to Support Apple's Planned Anti-Tracking Changes: 'A Huge Win for Consumers',Positive
0.0,0.839,0.161,0.3612,Apple's Polishing Cloth now supports new iPhone 16 models and Apple Watch Series 10,Positive
0.0,1.0,0.0,0.0,Apple Music Overtakes Spotify in U.S. Subscribers,Neutral
0.252,0.681,0.067,-0.926,Tim Cook on Twitter: “The rising violence against the Asian community is a painful &amp; urgent reminder that we must unite against racism in all its forms. There is no place for hate in our society. The team at Apple stands together &amp; we will be donating to groups providing support to those affected.”,Negative
0.112,0.888,0.0,-0.2263,iPhone 14 Pro's Lightning Connector Still Limited to USB 2.0 Speeds Despite Large 48MP ProRAW Photos,Negative
0.148,0.775,0.077,-0.4588,"Ex-Apple engineer reveals there was a strong pushback effort against Apple having ads in the OS, which failed. Calls it offensive as it turns “customers” into “users” to be monetized for the real customers, the ad buyers.",Negative
0.225,0.775,0.0,-0.4404,Apple doubles down on iOS 14 tracking privacy as Facebook panics,Negative
0.25,0.75,0.0,-0.4588,Apple employees say they will leave the company as it denies remote work requests,Negative
0.0,0.726,0.274,0.34,"Apple delays rollout of CSAM detection feature, commits to making improvements",Positive
0.0,1.0,0.0,0.0,Apple presses ahead with aim to replace paper passports and ID with iPhone,Neutral
0.262,0.738,0.0,-0.4939,Over 300 iPhone X models stolen from San Francisco Apple Store,Negative
0.22,0.78,0.0,-0.4767,Apple Disabling 'Sign in with Apple' for Epic Games on September 11,Negative
0.213,0.787,0.0,-0.4019,Italy Fines Apple $12 Million for Misleading iPhone Water Resistance Claims,Negative
0.0,0.278,0.722,0.3818,"Dear Apple,",Positive
0.0,1.0,0.0,0.0,iOS 16 beta 5 finally adds the battery percentage to the status bar,Neutral
0.0,1.0,0.0,0.0,iOS 11 is the buggiest i have ever seen any of my iphones,Neutral
0.303,0.697,0.0,-0.7269,Apple in talks to buy streaming rights to upcoming James Bond film 'No Time to Die',Negative
0.0,0.929,0.071,0.0772,&lt;— Number of times I’ve opened the camera in iMessage when trying to add a photo from Camera Roll,Positive
0.431,0.569,0.0,-0.6492,Delays Aren't Good Enough—Apple Must Abandon Its Surveillance Plans,Negative
0.0,0.842,0.158,0.5106,Orientation Lock should have an option to automatically allow videos to be played in landscape while keeping the rest of the OS locked to portrait.,Positive
0.231,0.769,0.0,-0.128,Apple Retail Employees Going On Strike,Negative
0.341,0.659,0.0,-0.6351,Apple is forced to include iPhone charger for not demonstrating 'environmental benefits',Negative
0.113,0.887,0.0,-0.3182,Report: Apple to Delay Some New Features in iOS Until Next Year to Focus on Performance and Quality Issues,Negative
0.0,0.901,0.099,0.0258,Apple and Disney among companies backing groups against US climate bill,Neutral
0.208,0.792,0.0,-0.2732,Apple and Nike urged to cut 'China Uighur ties',Negative
0.0,0.789,0.211,0.7096,"A modest proposal: app descriptions should say what the app does, what it does for free and what ""premium"" does, and make clear the differences.",Positive
0.099,0.709,0.191,0.3182,"New York adds Apple Pay support to all subway stations, bus routes",Positive
0.0,0.658,0.342,0.3818,Apple announces Apple Card credit card,Positive
0.0,0.915,0.085,0.0772,USB-C iPhone could become mandatory in the US as senators push for common charger law,Positive
0.0,1.0,0.0,0.0,Apple CEO Tim Cook says family separations at US border are ‘inhumane’ and ‘need to stop’,Neutral
0.0,1.0,0.0,0.0,"After 15 Years, Apple Prepares to Break Up With Intel",Neutral
0.0,1.0,0.0,0.0,My kid managed to pass Screen time limit,Neutral
0.0,0.821,0.179,0.4019,"Tim Cook: Users Who Want to Sideload Apps Can Use Android, While the iPhone Experience Maximizes 'Security and Privacy'",Positive
0.0,1.0,0.0,0.0,"The six-year-old iPhone 6S and 6S Plus will get iOS 15, and that rules",Neutral
0.0,1.0,0.0,0.0,Screen on looted iPhones,Neutral
